job_name	cron_schedule
job00001	40 */2 * * *
job00002	25 0 * * *
job00003	0-59/15 * * * *
job00004	33 17 * * *
job00005	4 * * * *
job00006	2-59/10 * * * *
job00007	9-59/15 * * * *
job00008	51 * * * *
job00009	1-59/5 * * * *
job00010	1-59/5 * * * *
job00011	2 0 * * *
job00012	9-59/15 * * * *
job00013	5 19 * * *
job00014	15 * * * *
job00015	0-59/30 * * * *
job00016	7 * * * *
job00017	1-59/5 * * * *
job00018	15 2 * * 1
job00019	55 * * * *
job00020	40 23 * * *
job00021	9-59/15 * * * *
job00022	1-59/5 * * * *
job00023	9-59/15 * * * *
job00024	51 * * * *
job00025	2-59/15 * * * *
job00026	32 7 * * *
job00027	3-59/10 * * * *
job00028	1-59/5 * * * *
job00029	22 6 1 * *
job00030	9-59/15 * * * *
job00031	28 6 * * *
job00032	9-59/15 * * * *
job00033	1 * * * *
job00034	9-59/15 * * * *
job00035	1-59/5 * * * *
job00036	18 1 1 * *
job00037	1 6,18 * * *
job00038	2-59/15 * * * *
job00039	23 5 * * *
job00040	9-59/15 * * * *
job00041	1-59/5 * * * *
job00042	52 * * * *
job00043	20 9 1 * *
job00044	15 15 * * 1-5
job00045	9-59/15 * * * *
job00046	7 * * * *
job00047	0-59/30 * * * *
job00048	9-59/15 * * * *
job00049	0-59/30 * * * *
job00050	26 0 * * *
job00051	9-59/15 * * * *
job00052	1-59/5 * * * *
job00053	0-59/30 * * * *
job00054	1-59/5 * * * *
job00055	17 * * * *
job00056	30 * * * *
job00057	0-59/30 * * * *
job00058	9-59/15 * * * *
job00059	9-59/15 * * * *
job00060	3,18,33,48 * * * *
job00061	9-59/15 * * * *
job00062	33 * * * *
job00063	37 */12 * * *
job00064	9-59/15 * * * *
job00065	4-59/10 * * * *
job00066	44 7 * * *
job00067	1-59/5 * * * *
job00068	9-59/15 * * * *
job00069	11 6 1 * *
job00070	9-59/15 * * * *
job00071	9-59/15 * * * *
job00072	9-59/15 * * * *
job00073	9-59/15 * * * *
job00074	59-59/60 * * * *
job00075	3 5-10 * * *
job00076	9-59/15 * * * *
job00077	4-59/10 * * * *
job00078	9-59/15 * * * *
job00079	9-59/15 * * * *
job00080	9-59/15 * * * *
job00081	25 16 * * *
job00082	9-59/15 * * * *
job00083	14 10 * * *
job00084	9-59/15 * * * *
job00085	9-59/15 * * * *
job00086	30 * * * *
job00087	9-59/15 * * * *
job00088	9-59/15 * * * *
job00089	9-59/15 * * * *
job00090	1-59/5 * * * *
job00091	35 * * * *
job00092	9-59/15 * * * *
job00093	29 23 * * *
job00094	* * * * *
job00095	51 * * * *
job00096	55 0 * * *
job00097	* * * * *
job00098	9-59/15 16-18 * * *
job00099	9-59/15 * * * *
job00100	9-59/15 * * * *
job00101	42 */4 * * *
job00102	0-59/30 * * * *
job00103	7 * * * *
job00104	18 * * * *
job00105	9-59/15 * * * *
job00106	9-59/15 * * * *
job00107	9-59/15 * * * *
job00108	4-59/10 * * * *
job00109	9-59/15 * * * *
job00110	9-59/15 * * * *
job00111	27 2 1 * *
job00112	37 * * * *
job00113	42 23 * * *
job00114	4-59/10 * * * *
job00115	9-59/15 * * * *
job00116	4-59/5 * * * *
job00117	9-59/15 * * * *
job00118	9-59/15 * * * *
job00119	9-59/15 * * * *
job00120	51 * * * *
job00121	2 9 * * *
job00122	9-59/15 * * * *
job00123	* * * * *
job00124	47 5 * * 1
job00125	0-59/30 * * * *
job00126	9-59/15 * * * *
job00127	9-59/15 * * * *
job00128	55 */4 * * *
job00129	36 * * * *
job00130	9-59/15 * * * *
job00131	1 1 * * *
job00132	9-59/15 * * * *
job00133	3 * * * *
job00134	6 * * * *
job00135	30 5 * * 1
job00136	9-59/15 * * * *
job00137	10 14 * * 1-5
job00138	33 0 1 * *
job00139	9-59/15 * * * *
job00140	9-59/15 * * * *
job00141	9-59/15 * * * *
job00142	33 * * * *
job00143	50 1 * * *
job00144	10 6 * * 1
job00145	1-59/30 * * * *
job00146	4-59/10 * * * *
job00147	15 * * * *
job00148	1-59/30 * * * *
job00149	13 0 * * *
job00150	3-59/4 * * * *
job00151	38 6 * * *
job00152	9-59/15 9-21 * * 0,6
job00153	1-59/5 * * * *
job00154	56 3 * * *
job00155	1-59/30 5-23 * * *
job00156	16 * * * *
job00157	1-59/5 * * * *
job00158	1-59/5 * * * *
job00159	1-59/5 * * * *
job00160	1-59/5 * * * *
job00161	2 6 * * *
job00162	5 9 * * *
job00163	9-59/15 * * * *
job00164	1-59/5 * * * *
job00165	* 6-21 * * *
job00166	* 8-17 * * 1-5
job00167	39 5 1 * *
job00168	9-59/15 * * * *
job00169	1-59/5 * * * *
job00170	9-59/15 * * * *
job00171	9-59/15 * * * *
job00172	9-59/15 * * * *
job00173	39 0 * * *
job00174	28 * * * *
job00175	1-59/30 * * * *
job00176	2 * * * *
job00177	9-59/15 * * * *
job00178	1-59/5 * * * *
job00179	9-59/15 * * * *
job00180	9-59/15 * * * *
job00181	9-59/15 * * * *
job00182	50 * * * *
job00183	7 8 * * *
job00184	9-59/15 * * * *
job00185	9-59/15 * * * *
job00186	9-59/15 * * * *
job00187	1-59/5 * * * *
job00188	59 */3 * * *
job00189	9-59/15 * * * *
job00190	9-59/15 * * * *
job00191	10-59/12 * * * *
job00192	4-59/10 * * * *
job00193	14 * * * *
job00194	9-59/15 * * * *
job00195	2 */4 * * *
job00196	9-59/15 * * * *
job00197	9-59/15 * * * *
job00198	1-59/15 * * * *
job00199	30 5 * * 1
job00200	9-59/15 * * * *
job00201	9-59/15 * * * *
job00202	52 * * * *
job00203	4-59/10 * * * *
job00204	4-59/10 0-20 * * 6
job00205	9-59/15 * * * *
job00206	51 0 * * 1
job00207	9-59/15 * * * *
job00208	19 7-17/2 * * 1-5
job00209	9-59/15 * * * *
job00210	32 4 * * *
job00211	9-59/15 * * * *
job00212	9 6 * * *
job00213	45 * * * *
job00214	9-59/15 1-17 * * 1-5
job00215	9-59/15 * * * *
job00216	1-59/30 * * * *
job00217	50 8,11 * * *
job00218	9-59/15 * * * *
job00219	41 */4 * * *
job00220	21 12 * * *
job00221	59 * * * *
job00222	1-59/5 * * * *
job00223	*/51 * * * *
job00224	1-59/5 */2 * * *
job00225	52 * * * *
job00226	13 18 * * *
job00227	9-59/15 * * * *
job00228	1-59/5 * * * *
job00229	29 18 * * *
job00230	31 * * * *
job00231	49 * * * *
job00232	* * * * *
job00233	11 3 1 * *
job00234	10 4,5,6,7 * * *
job00235	1-59/30 * * * *
job00236	1-59/5 * * * *
job00237	34 * * * *
job00238	4-59/10 * * * *
job00239	9-59/15 * * * *
job00240	1-59/5 * * * *
job00241	9-59/15 * * * *
job00242	9-59/15 * * * *
job00243	53 3 * * 3
job00244	7 12 * * *
job00245	15-59/20 * * * *
job00246	30 18 * * *
job00247	9-59/15 * * * *
job00248	* * * * *
job00249	13 5 * * *
job00250	9-59/15 * * * *
job00251	9-59/15 * * * *
job00252	1-59/5 * * * *
job00253	46 6 * * *
job00254	35 0 * * *
job00255	56 6 * * 1
job00256	1-59/5 * * * *
job00257	1-59/30 * * * *
job00258	26 * * * *
job00259	9-59/15 * * * *
job00260	10-59/15 * * * *
job00261	10-59/15 * * * *
job00262	1 */4 * * *
job00263	10-59/15 * * * *
job00264	1-59/5 * * * *
job00265	38 0 * * *
job00266	50 8 * * *
job00267	33 0 * * *
job00268	10-59/15 * * * *
job00269	28 * * * *
job00270	10-59/15 * * * *
job00271	1-59/5 * * * *
job00272	10-59/15 * * * *
job00273	10-59/15 * * * *
job00274	10-59/15 * * * *
job00275	45 * * * *
job00276	10-59/15 * * * *
job00277	32 20 * * *
job00278	26 2 * * *
job00279	1-59/5 * * * *
job00280	13 * * * *
job00281	1 5 * * *
job00282	17 0 * * *
job00283	32 9 1 * *
job00284	10-59/15 * * * *
job00285	2-59/30 * * * *
job00286	10-59/15 * * * *
job00287	10-59/15 * * * *
job00288	4-59/10 * * * *
job00289	1-59/5 * * * *
job00290	46 18 * * *
job00291	* * * * *
job00292	2-59/30 * * * *
job00293	2-59/30 * * * *
job00294	1-59/5 * * * *
job00295	1 * * * *
job00296	20 14 * * *
job00297	10-59/15 * * * *
job00298	10-59/15 * * * *
job00299	33 6 * * 1
job00300	10-59/15 * * * *
job00301	10-59/15 * * * 1-5
job00302	1-59/5 * * * *
job00303	4-59/10 * * * *
job00304	7 7-19 * * 1-6
job00305	10-59/15 * * * *
job00306	58 * * * *
job00307	15 * * * *
job00308	2-59/15 * * * *
job00309	1-59/5 * * * *
job00310	1-59/5 * * * *
job00311	10-59/15 * * * *
job00312	10-59/15 * * * *
job00313	44 * * * *
job00314	10-59/15 * * * *
job00315	4 4 * * *
job00316	10-59/15 * * * *
job00317	14 8-13 * * 1-6
job00318	2-59/15 * * * *
job00319	42 9 * * *
job00320	15 * * * *
job00321	30 5 * * 1
job00322	10-59/15 * * * *
job00323	10-59/15 * * * *
job00324	10-59/15 7-21 * * 1-6
job00325	37 8 * * *
job00326	50 0 * * *
job00327	15 * * * *
job00328	30 6 1 * *
job00329	2-59/30 * * * *
job00330	26 */2 * * *
job00331	4-59/10 * * * *
job00332	24 * * * *
job00333	40 16 9 3 *
job00334	10-59/15 * * * *
job00335	10-59/15 * * * *
job00336	33 22 * * *
job00337	10-59/15 * * * *
job00338	1-59/5 * * * *
job00339	3-59/5 * * * *
job00340	52 * * * *
job00341	17 0 1 * *
job00342	10-59/15 * * * *
job00343	1-59/5 * * * *
job00344	10-59/15 * * * *
job00345	10-59/15 * * * *
job00346	40 * * * *
job00347	10-59/15 * * * *
job00348	41 6 * * 3
job00349	2-59/30 * * * *
job00350	42 2 * * *
job00351	35 * * * *
job00352	31 2 * * *
job00353	7 * * * *
job00354	10-59/15 * * * *
job00355	10-59/15 * * * *
job00356	52 5 * * *
job00357	1-59/5 * * * *
job00358	25 6 * * 1,3
job00359	10-59/15 * * * *
job00360	1-59/5 * * * *
job00361	2-59/30 * * * *
job00362	10-59/15 * * * 1-6
job00363	10-59/15 * * * *
job00364	10-59/15 * * * *
job00365	53 4 * * *
job00366	10-59/15 * * * *
job00367	10-59/15 * * * *
job00368	* * * * *
job00369	10-59/15 * * * *
job00370	50 1 * * *
job00371	4-59/10 * * * 1-5
job00372	56 * * * *
job00373	10-59/15 * * * *
job00374	1-59/5 * * * *
job00375	0-59/2 * * * *
job00376	46 5 * * *
job00377	10-59/15 * * * *
job00378	28 9 * * *
job00379	30 * * * *
job00380	10-59/15 * * * *
job00381	10-59/15 * * * *
job00382	6 6 * * *
job00383	10-59/15 * * * *
job00384	10-59/15 * * * *
job00385	1-59/5 * * * *
job00386	10-59/15 * * * *
job00387	45 */2 * * *
job00388	10-59/15 * * * *
job00389	10-59/15 * * * *
job00390	49 6 * * 5
job00391	7 6 * * *
job00392	50 3 * * *
job00393	30 4 * * 1-6
job00394	2-59/30 * * * *
job00395	10-59/15 * * * *
job00396	10-59/15 * * * 1-6
job00397	52 2 * * *
job00398	10-59/15 * * * *
job00399	10-59/15 * * * 1-5
job00400	3-59/30 * * * *
job00401	1-59/5 * * * *
job00402	10-59/15 * * * *
job00403	10-59/15 * * * *
job00404	10-59/15 1-3 * * *
job00405	1-59/5 * * * *
job00406	58 * * * *
job00407	49 17 * * *
job00408	19 1 * * *
job00409	45 * * * *
job00410	10-59/15 * * * *
job00411	1-59/5 * * * *
job00412	4-59/10 * * * *
job00413	33 6,16 * * 1-5
job00414	10-59/15 * * * *
job00415	34 3 * * 0
job00416	24 0 1 * *
job00417	1-59/5 * * * *
job00418	10-59/15 * * * *
job00419	10-59/15 * * * *
job00420	1-59/5 * * * *
job00421	3-59/30 * * * *
job00422	24 18 * * *
job00423	59 17 * * 0
job00424	18 * * * *
job00425	10-59/15 * * * *
job00426	* * * * *
job00427	10-59/15 * * * *
job00428	42 * * * *
job00429	30 5,11,17,23 * * *
job00430	59 0 * * *
job00431	4-59/10 * * * *
job00432	4-59/10 * * * *
job00433	10-59/15 * * * *
job00434	1-59/5 * * * *
job00435	29 5 * * *
job00436	57 5 * * *
job00437	* * * * *
job00438	10-59/15 * * * *
job00439	1-59/5 * * * *
job00440	6 */4 * * *
job00441	10-59/15 * * * *
job00442	4-59/5 * * * *
job00443	3-59/30 * * * *
job00444	1-59/5 * * * *
job00445	5-59/10 * * * *
job00446	23 1,5,9,13,17,21 * * *
job00447	10-59/15 * * * *
job00448	10-59/15 * * * *
job00449	21 */4 * * *
job00450	10-59/15 * * * *
job00451	25 8 * * 0,3
job00452	10-59/15 14-23 * * *
job00453	58 * * * *
job00454	10-59/15 * * * *
job00455	10-59/15 * * * *
job00456	10-59/15 * * * *
job00457	10-59/15 * * * *
job00458	1-59/5 * * * *
job00459	1-59/5 * * * *
job00460	1-59/5 * * * *
job00461	0-59/2 * * * *
job00462	48 * * * *
job00463	10-59/15 * * * *
job00464	3 0 * * *
job00465	10-59/15 * * * *
job00466	3-59/15 * * * *
job00467	15 11 * * *
job00468	17 6 * * 1
job00469	10-59/15 * * * *
job00470	10-59/15 * * * *
job00471	5 8 * * *
job00472	10-59/15 * * * *
job00473	10 */4 * * *
job00474	10-59/15 * * * *
job00475	*/8 * * * *
job00476	51 * * * *
job00477	50 22 * * 1-5
job00478	10-59/15 * * * *
job00479	3-59/30 * * * *
job00480	*/22 * * * *
job00481	41 3 * * *
job00482	10-59/15 * * * *
job00483	47 * * * *
job00484	10-59/15 * * * *
job00485	52 9 * * *
job00486	39 6 * * *
job00487	10-59/15 1-23 * * *
job00488	10-59/15 * * * *
job00489	10-59/15 * * * *
job00490	1-59/5 * * * *
job00491	40 21 * * 1-5
job00492	10-59/15 * * * *
job00493	30 9 * * *
job00494	10-59/15 * * * *
job00495	39 * * * *
job00496	19 * * * 2
job00497	1-59/5 * * * *
job00498	0-59/60 * * * *
job00499	5-59/10 * * * *
job00500	1-59/5 * * * *
job00501	45 * * * *
job00502	5-59/10 * * * 1-5
job00503	30 5 * * *
job00504	23 * * * *
job00505	* * * * *
job00506	* * * * *
job00507	11-59/15 * * * *
job00508	11 * * * *
job00509	11-59/15 * * * *
job00510	11-59/15 * * * *
job00511	4-59/5 * * * *
job00512	24 * * * *
job00513	51 1-15 * * *
job00514	11-59/15 * * * *
job00515	10 * * * *
job00516	33 * * * *
job00517	46 4 * * *
job00518	11-59/15 * * * *
job00519	39 * * * *
job00520	59 3 * * *
job00521	1 12 * * *
job00522	26 0 * * *
job00523	1-59/5 * * * *
job00524	0 */4 * * *
job00525	* * * * *
job00526	54 0 * * *
job00527	48 */3 * * *
job00528	5-59/10 * * * *
job00529	1-59/5 * * * *
job00530	55 12 * * 1-6
job00531	11-59/15 * * * *
job00532	1-59/5 * * * *
job00533	11-59/15 * * * *
job00534	42 * * * *
job00535	28 * * * *
job00536	3,18,33,48 * * * *
job00537	7 1 * * *
job00538	40 * * * *
job00539	11-59/15 * * * *
job00540	10 * * * *
job00541	3-59/30 * * * *
job00542	11-59/15 * * * *
job00543	11-59/15 * * * *
job00544	33 3 2 * *
job00545	11-59/15 * * * *
job00546	51 22 * * *
job00547	1-59/60 * * * *
job00548	11-59/15 * * * *
job00549	30 0 * * *
job00550	30 * * * *
job00551	30 * * * *
job00552	55 6 * * 1,3
job00553	11-59/15 * * * *
job00554	1 7 * * *
job00555	15 * * * *
job00556	3 * * * *
job00557	*/16 * * * *
job00558	5-59/10 * * * *
job00559	11-59/15 * * * *
job00560	3-59/30 * * * *
job00561	11-59/15 * * * *
job00562	11-59/15 * * * *
job00563	35 18 * * *
job00564	33 * * * *
job00565	30 * * * *
job00566	4-59/30 * * * *
job00567	11-59/15 * * * *
job00568	1-59/5 * * * *
job00569	11-59/15 * * * *
job00570	11-59/15 * * * *
job00571	11-59/15 * * * *
job00572	55 * * * *
job00573	2-59/60 * * * *
job00574	46 3 1 * *
job00575	1-59/5 * * * *
job00576	1-59/5 * * * *
job00577	41 0 * * *
job00578	1-59/5 * * * *
job00579	6 * * * *
job00580	11-59/15 * * * *
job00581	40 */4 * * *
job00582	24 * * * *
job00583	11-59/15 * * * *
job00584	15 7 * * 1-5
job00585	11-59/15 * * * *
job00586	16 * * * *
job00587	39 * * * *
job00588	34 17 * * *
job00589	58 8 * * *
job00590	11-59/15 * * * *
job00591	11-59/15 * * * *
job00592	50 * * * *
job00593	7 7 * * 1
job00594	25 * * * *
job00595	9 3 * * *
job00596	1-59/5 * * * *
job00597	11-59/15 * * * *
job00598	1-59/5 * * * *
job00599	* * * * *
job00600	1-59/15 * * * *
job00601	5-59/10 * * * *
job00602	11-59/15 * * * *
job00603	11-59/15 * * * *
job00604	48 15 * * *
job00605	4-59/30 * * * *
job00606	11-59/15 * * * *
job00607	30 7 2 * *
job00608	11-59/15 * * * *
job00609	3 7 * * *
job00610	11-59/15 * * * *
job00611	4-59/30 * * * *
job00612	20 4 * * *
job00613	53 */2 * * *
job00614	48 * * * *
job00615	12 4 * * *
job00616	36 * * * *
job00617	11-59/15 * * * *
job00618	4 15 * * *
job00619	1-59/5 * * * *
job00620	0 * * * *
job00621	11-59/15 * * * *
job00622	11-59/15 * * * *
job00623	1-59/5 * * * *
job00624	4-59/30 * * * *
job00625	11-59/15 * * * *
job00626	11-59/15 * * * *
job00627	11-59/15 * * * *
job00628	55 * * * *
job00629	8 * * * *
job00630	30 * * * *
job00631	1-59/5 * * * *
job00632	36 * * * *
job00633	5-59/10 * * * *
job00634	1-59/5 * * * *
job00635	11-59/15 * * * *
job00636	11-59/15 * * * *
job00637	30 17 * * 0
job00638	11-59/15 * * * *
job00639	57 */2 * * *
job00640	11-59/15 * * * *
job00641	56 6 * * *
job00642	5-59/10 * * * *
job00643	32 23 * * *
job00644	8 * * * *
job00645	1-59/5 * * * *
job00646	27 0 * * *
job00647	5-59/10 * * * *
job00648	54 6 * * 1
job00649	11-59/15 * * * *
job00650	19 1 * * *
job00651	2-59 * * * *
job00652	51 0 * * *
job00653	58 22 17 * *
job00654	1-59/5 * * * *
job00655	45 9 * * 1
job00656	1-59/5 * * * *
job00657	30 0 * * 2-6
job00658	13 * * * *
job00659	21 1 1 * *
job00660	11-59/15 * * * *
job00661	5-59/10 * * * *
job00662	30 4 * * *
job00663	11-59/15 * * * *
job00664	1-59/15 * * * *
job00665	10 6 * * *
job00666	11-59/15 * * * *
job00667	7 * * * *
job00668	55 * * * *
job00669	42 2 * * *
job00670	11-59/15 * * * *
job00671	34 2 * * *
job00672	11-59/15 * * * *
job00673	5-59/10 * * * *
job00674	34 4,5 * * *
job00675	3 8,20 * * *
job00676	10 6 * * 0,2,3,4,5,6
job00677	22 0 * * *
job00678	41 13 * * 1
job00679	11-59/15 * * * *
job00680	14 3 * * *
job00681	30 * * * *
job00682	41 18 * * *
job00683	11-59/15 * * * *
job00684	4-59/30 * * * *
job00685	11-59/15 * * * *
job00686	30 * * * *
job00687	11-59/15 * * * *
job00688	11-59/15 * * * *
job00689	3 * * * *
job00690	8 4 * * *
job00691	11-59/15 * * * *
job00692	5-59/10 * * * *
job00693	1-59/5 * * * *
job00694	19 0 31 2 *
job00695	15 9 * * *
job00696	11-59/15 * * * *
job00697	51 0 * * *
job00698	15 7 * * *
job00699	47 10 * * *
job00700	5-59/10 6-20 * * *
job00701	5-59/10 * * * *
job00702	11-59/15 * * * *
job00703	4-59/30 * * * *
job00704	11-59/15 * * * *
job00705	45 7 * * 3
job00706	1-59/5 * * * *
job00707	11-59/15 * * * *
job00708	34 0 * * *
job00709	20 6 * * 1,3
job00710	11-59/15 * * * *
job00711	5-59/30 * * * *
job00712	5-59/10 * * * *
job00713	46 6 * * 1
job00714	2-59/5 * * * *
job00715	11-59/15 * * * *
job00716	11-59/15 * * * *
job00717	* * * * *
job00718	*/13 * * * *
job00719	25 0 * * *
job00720	0 6 * * 1
job00721	11-59/15 * * * *
job00722	11-59/15 * * * *
job00723	11-59/15 * * * *
job00724	38 11 * * *
job00725	5-59/30 * * * *
job00726	5-59/30 * * * *
job00727	9 11 * * *
job00728	41 * * * *
job00729	5-59/10 * * * *
job00730	45 8 * * *
job00731	2-59/5 * * * *
job00732	11-59/15 * * * *
job00733	12 3 * * *
job00734	15 * * * *
job00735	4 6 * * 1
job00736	20 */3 * * *
job00737	7 * * * *
job00738	11-59/15 * * * *
job00739	5-59/30 * * * *
job00740	7 1 * * *
job00741	5-59/30 * * * *
job00742	6 7 * * *
job00743	32 * * * *
job00744	31 9 * * *
job00745	15-59/20 * * * *
job00746	2-59/5 * * * 1-5
job00747	56 4 * * *
job00748	38 * * * *
job00749	5-59/30 * * * *
job00750	11-59/15 * * * *
job00751	11-59/15 * * * *
job00752	2-59/5 * * * *
job00753	11-59/15 * * * *
job00754	11-59/15 * * * *
job00755	11-59/15 * * * *
job00756	11-59/15 * * * *
job00757	6-59/10 * * * *
job00758	11-59/15 * * * *
job00759	6-59/30 * * * *
job00760	2-59/5 8-20 * * *
job00761	15 8 * * *
job00762	2-59/5 * * * *
job00763	13 4 * * *
job00764	30 * * * *
job00765	11-59/15 * * * *
job00766	11-59/15 * * * *
job00767	16-59/20 * * * *
job00768	6-59/10 2-4 * * *
job00769	6-59/30 * * * *
job00770	33 14 * * *
job00771	12 */4 * * *
job00772	5 8 * * *
job00773	11-59/15 * * * *
job00774	6-59/30 * * * *
job00775	3 7 * * 1
job00776	* * * * *
job00777	6-59/10 * * * *
job00778	6-59/30 * * * *
job00779	2-59/5 * * * *
job00780	*/16 * * * 1-5
job00781	17 * * * *
job00782	30 12 1 * *
job00783	15 * * * *
job00784	11-59/15 * * * *
job00785	13 * * * *
job00786	11-59/15 * * * *
job00787	54 0 1 * *
job00788	3-59/10 8-20 * * *
job00789	30 22 * * 1-5
job00790	11-59/15 * * * *
job00791	0-59/15 * * * *
job00792	11-59/15 * * * *
job00793	59 4 * * *
job00794	33 0 2 * *
job00795	2-59/5 * * * *
job00796	11-59/15 * * * *
job00797	2-59/5 * * * *
job00798	11-59/15 * * * *
job00799	* * * * *
job00800	4 5 * * 1-5
job00801	11-59/15 * * * *
job00802	6-59/30 * * * *
job00803	35 14 * * *
job00804	2-59/5 * * * *
job00805	2-59/5 * * * *
job00806	40 21 * * 1-4
job00807	11-59/15 * * * *
job00808	52 6 * * *
job00809	7 10-17 * * 1-5
job00810	* 7-16 * * 1-5
job00811	6-59/10 * * * *
job00812	0 */24 * * *
job00813	2-59/15 * * * *
job00814	2-59/5 * * * *
job00815	11-59/15 7-20 * * *
job00816	36 12 * * *
job00817	11-59/15 * * * *
job00818	53 8 10 * *
job00819	55 0 * * *
job00820	11-59/15 * * * *
job00821	56 * * * *
job00822	15 * * * *
job00823	6-59/10 * * * *
job00824	2-59/5 * * * *
job00825	55 */4 * * *
job00826	18 0 * * *
job00827	11-59/15 * * * *
job00828	* * * * *
job00829	2-59/5 * * * *
job00830	5 8 * * *
job00831	2-59/5 * * * *
job00832	9 2 * * *
job00833	4-59/5 * * * *
job00834	26 */24 * * *
job00835	12-59/15 * * * *
job00836	3 * * * *
job00837	2-59/5 * * * *
job00838	12-59/15 * * * *
job00839	12-59/15 * * * *
job00840	12-59/15 * * * 1-6
job00841	12-59/15 * * * *
job00842	12-59/15 * * * *
job00843	2-59/5 * * * *
job00844	12-59/15 * * * *
job00845	12-59/15 * * * *
job00846	12-59/15 * * * *
job00847	12-59/15 * * * *
job00848	12-59/15 * * * *
job00849	2-59/5 * * * *
job00850	16-59/20 * * * *
job00851	5 * * * *
job00852	12-59/15 * * * *
job00853	12-59/15 * * * *
job00854	6-59/10 * * * *
job00855	30 4 * * *
job00856	6-59/10 * * * *
job00857	36 2 * * 1
job00858	2-59/5 * * * *
job00859	12-59/15 * * * *
job00860	12-59/15 * * * *
job00861	5 * * * *
job00862	50 * * * *
job00863	2-59/5 * * * *
job00864	22 * * * *
job00865	12-59/15 * * * *
job00866	2-59/5 * * * *
job00867	15 * * * *
job00868	6-59/30 3-23 * * *
job00869	29 18 * * *
job00870	2 2 * * 1
job00871	12-59/15 * * * *
job00872	* * * * *
job00873	12-59/15 * * * *
job00874	12-59/15 * * * *
job00875	12-59/15 * * * *
job00876	12-59/15 * * * *
job00877	41 * * * *
job00878	* * * * *
job00879	37 6 * * *
job00880	54 3 1 * *
job00881	19 17 * * *
job00882	6-59/10 * * * *
job00883	2-59/5 * * * *
job00884	7-59/30 * * * *
job00885	56 0 * * *
job00886	30 * * * *
job00887	12-59/15 * * * *
job00888	7-59/30 * * * *
job00889	4-59/5 * * * *
job00890	*/16 * * * *
job00891	12-59/15 * * * *
job00892	46 7 * * *
job00893	15 * * * *
job00894	2-59/5 * * * *
job00895	12-59/15 * * * *
job00896	12-59/15 * * * *
job00897	48 7 * * *
job00898	12 7 * * *
job00899	2-59/5 * * * *
job00900	54 1 * * 5
job00901	25 7 * * *
job00902	12-59/15 * * * *
job00903	12-59/15 * * * *
job00904	5 7 * * *
job00905	12-59/15 * * * *
job00906	15 * * * *
job00907	22 * * * *
job00908	6-59/10 * * * *
job00909	12-59/15 * * * *
job00910	12-59/15 * * * *
job00911	12-59/15 * * * *
job00912	22 9 * * *
job00913	12-59/15 * * * *
job00914	7-59/30 * * * *
job00915	38 */4 * * *
job00916	24 13 * * *
job00917	12-59/15 * * * *
job00918	7-59/30 9-22 * * *
job00919	5 * * * *
job00920	6-59/10 * * * *
job00921	12-59/15 * * * *
job00922	12 * * * *
job00923	2-59/5 * * * *
job00924	37 3 * * 2
job00925	12-59/15 * * * *
job00926	12-59/15 * * * *
job00927	43 0 1 * *
job00928	43 14 * * *
job00929	40 8 * * *
job00930	15 * * * *
job00931	12-59/15 * * * *
job00932	2-59/5 * * * *
job00933	29 * * * *
job00934	2-59/5 * * * *
job00935	18 11 * * *
job00936	2-59/5 * * * *
job00937	13 1 * * *
job00938	50 * * * *
job00939	50 0 * * *
job00940	7-59/30 * * * *
job00941	3 * * * *
job00942	12-59/15 * * * *
job00943	15 1 * * *
job00944	12-59/15 * * * *
job00945	18 * * * *
job00946	53 6 2 * *
job00947	12-59/15 * * * *
job00948	51 4 1 * *
job00949	3 * * * *
job00950	12-59/15 * * * *
job00951	12-59/15 * * * *
job00952	6-59/10 * * * *
job00953	12 * * * *
job00954	52 * * * *
job00955	2 6 * * 0
job00956	34 3 * * *
job00957	57 6 * * 1
job00958	2 * * * *
job00959	12-59/15 * * * *
job00960	12-59/15 * * * *
job00961	24 8 * * *
job00962	12-59/15 * * * *
job00963	7-59/30 * * * *
job00964	6-59/10 * * * 1-5
job00965	8-59/30 * * * 1-5
job00966	30 7 1 * *
job00967	30 */24 * * *
job00968	2-59/5 * * * *
job00969	2-59/5 * * * *
job00970	12-59/15 * * * *
job00971	8-59/30 * * * 1-5
job00972	56 12 * * *
job00973	16 * * * *
job00974	12-59/15 * * * *
job00975	12-59/15 * * * *
job00976	11 10 * * *
job00977	12-59/15 * * * *
job00978	0-59/15 * * * *
job00979	* * * * *
job00980	32 7 * * *
job00981	26 * * * *
job00982	12-59/15 * * * *
job00983	57 * * * *
job00984	1-59/15 * * * *
job00985	6-59/10 * * * *
job00986	24 4 * * 1
job00987	12-59/15 * * * *
job00988	12-59/15 * * * *
job00989	12-59/15 * * * *
job00990	2-59/5 * * * *
job00991	8-59/30 * * * *
job00992	12-59/15 * * * *
job00993	15 * * * *
job00994	2-59/5 8-20 * * *
job00995	* * * * *
job00996	8-59/30 * * * *
job00997	39 * * * *
job00998	*/59 * * * *
job00999	34 * * * *
job01000	37 13 8 * *
job01001	1 7 * * *
job01002	43 2 * * 3
job01003	56 0 2 * *
job01004	12-59/15 * * * *
job01005	48 0 * * *
job01006	12-59/15 * * * *
job01007	8-59/30 * * * *
job01008	6-59/10 * * * *
job01009	6-59/10 * * * *
job01010	7-59/10 * * * *
job01011	25 0 * * *
job01012	8-59/30 * * * *
job01013	7-59/10 * * * *
job01014	12-59/15 * * * *
job01015	2-59/5 * * * *
job01016	17-59/20 * * * *
job01017	9-59/30 * * * *
job01018	21 * * * *
job01019	12-59/15 * * * *
job01020	9 0 * * *
job01021	2-59/15 * * * *
job01022	43 8 * * *
job01023	12-59/15 * * * *
job01024	5 6-18/2 * * 1-5
job01025	30 5 * * 1
job01026	2-59/5 * * * *
job01027	4-59/5 * * * *
job01028	30 1 * * *
job01029	* * * * *
job01030	17-59/20 * * * *
job01031	* * * * *
job01032	2-59/5 * * * *
job01033	47 0 * * *
job01034	17 12 * * *
job01035	18 1 * * *
job01036	23 8 * * *
job01037	12-59/15 * * * *
job01038	2-59/5 * * * *
job01039	34 15 * * *
job01040	7-59/10 * * * *
job01041	12 6 * * *
job01042	1-59/15 * * * *
job01043	2-59/5 * * * *
job01044	45 * * * *
job01045	4 8 * * *
job01046	12-59/15 16-18 * * *
job01047	27 9 1 * *
job01048	12 1 * * *
job01049	12-59/15 * * * *
job01050	2-59/5 * * * *
job01051	2-59/5 * * * *
job01052	30 11,16 * * *
job01053	12-59/15 * * * *
job01054	12-59/15 * * * *
job01055	3-59/15 * * * *
job01056	49 2 * * *
job01057	15 * * * *
job01058	2-59/15 * * * *
job01059	12-59/15 * * * *
job01060	12-59/15 * * * *
job01061	53 0 * * *
job01062	8 8 * * *
job01063	23 8 * * *
job01064	12-59/15 * * * *
job01065	2-59/5 * * * *
job01066	1 * * * *
job01067	12-59/15 * * * *
job01068	12-59/15 * * * *
job01069	12-59/15 * * * *
job01070	12-59/15 * * * *
job01071	8 * * * *
job01072	12-59/15 * * * *
job01073	12-59/15 * * * *
job01074	12-59/15 * * * *
job01075	2-59/5 * * * *
job01076	2-59/5 * * * *
job01077	12-59/15 * * * *
job01078	18-59/20 * * * *
job01079	28 16 * * *
job01080	12-59/15 * * * *
job01081	2-59/5 * * * *
job01082	0-59/2 * * * *
job01083	2-59/5 * * * *
job01084	0-59/15 * * * *
job01085	12-59/15 * * * *
job01086	32 11 * * 0
job01087	1 * * * *
job01088	12-59/15 * * * *
job01089	2-59/5 * * * *
job01090	12-59/15 * * * *
job01091	2 * * * *
job01092	17 * * * *
job01093	33 2 * * *
job01094	12-59/15 * * * *
job01095	12-59/15 * * * *
job01096	*/16 * * * *
job01097	19 * * * *
job01098	0-59/2 * * * *
job01099	5 * * * *
job01100	2-59/5 * * * *
job01101	45 * * * *
job01102	12-59/15 * * * *
job01103	2-59/5 * * * *
job01104	12-59/15 * * * *
job01105	12-59/15 * * * *
job01106	12-59/15 * * * *
job01107	20 0 * * *
job01108	12-59/15 * * * *
job01109	12-59/15 * * * *
job01110	42 13 * * *
job01111	13-59/15 * * * *
job01112	13-59/15 * * * *
job01113	2-59/5 * * * *
job01114	47 6-18 * * 2-6
job01115	13-59/15 * * * *
job01116	30 12 * * *
job01117	3 10 3 * *
job01118	9-59/30 * * * *
job01119	50 11 * * *
job01120	9-59/30 * * * *
job01121	13-59/15 * * * *
job01122	13-59/15 15-17 * * *
job01123	32 3 * * *
job01124	39 * * * *
job01125	4 7 * * *
job01126	13-59/15 * * * *
job01127	13-59/15 * * * *
job01128	58 18 * * *
job01129	56 * * * *
job01130	13 2 * * *
job01131	*/16 * * * 1-5
job01132	13-59/15 * * * *
job01133	2-59/5 * * * *
job01134	27 10 * * *
job01135	13-59/15 * * * *
job01136	7-59/10 * * * *
job01137	13-59/15 * * * *
job01138	15 * * * *
job01139	16 8 * * *
job01140	4-59/5 * * * *
job01141	45 * * * *
job01142	5 * * * *
job01143	13-59/15 * * * *
job01144	3 5 1 * *
job01145	13 */8 * * *
job01146	13-59/15 * * * *
job01147	7-59/10 * * * *
job01148	54 */2 * * *
job01149	33 3,9 * * *
job01150	8 2 * * *
job01151	9-59/30 * * * *
job01152	13-59/15 * * * *
job01153	26 */24 * * *
job01154	9-59/30 * * * *
job01155	5 5 * * 3
job01156	20 5 * * *
job01157	13-59/15 * * * *
job01158	13-59/15 * * * *
job01159	48 * * * *
job01160	13-59/15 * * * *
job01161	13-59/15 * * * *
job01162	9-59/30 * * * *
job01163	7 21 * * *
job01164	9 10 * * *
job01165	10-59/30 * * * *
job01166	*/17 * * * *
job01167	13-59/15 * * * *
job01168	13-59/15 * * * *
job01169	18-59/20 * * * *
job01170	38 10 * * 3
job01171	48 1 * * *
job01172	44 6 * * 1
job01173	10 * * * *
job01174	43 * * * *
job01175	29 1 * * *
job01176	45 14 * * 1-5
job01177	13-59/15 * * * *
job01178	13-59/15 * * * *
job01179	42 * * * *
job01180	2-59/5 * * * *
job01181	46 * * * *
job01182	*/7 * * * *
job01183	7 * * * *
job01184	10-59/30 * * * *
job01185	13-59/15 * * * *
job01186	21 * * * *
job01187	59 0 * * *
job01188	13-59/15 * * * *
job01189	13-59/15 * * * *
job01190	10-59/30 6-18 * * *
job01191	13-59/15 * * * *
job01192	13-59/15 * * * *
job01193	5 * * * *
job01194	6 1 * * *
job01195	2-59/5 * * * *
job01196	2-59/5 * * * *
job01197	18 */24 * * *
job01198	30 * * * *
job01199	2-59/5 * * * *
job01200	13-59/15 * * * *
job01201	13-59/15 * * * *
job01202	13-59/15 * * * *
job01203	1-59/15 * * * *
job01204	13-59/15 1-17 * * 1-5
job01205	7-59/10 * * * *
job01206	30 7 * * *
job01207	37 0 * * 0
job01208	50 1 * * *
job01209	30 3 * * *
job01210	41 1 * * *
job01211	13-59/15 * * * *
job01212	10 14 * * *
job01213	4 0 * * 4
job01214	13-59/15 * * * *
job01215	30 * * * *
job01216	2-59/15 * * * *
job01217	18 6,20 * * *
job01218	13-59/15 * * * *
job01219	13-59/15 * * * *
job01220	13-59/15 * * * *
job01221	53 19 * * *
job01222	24 0 * * *
job01223	13-59/15 * * * *
job01224	11 6 * * *
job01225	13-59/15 * * * *
job01226	13-59/15 * * * *
job01227	2-59/5 * * * *
job01228	13-59/15 * * * *
job01229	33 4 * * *
job01230	20 15 * * *
job01231	13-59/15 * * * *
job01232	53 5 * * 1
job01233	2-59/5 * * * *
job01234	13-59/15 * * * 1-5
job01235	32 20 * * *
job01236	13-59/15 * * * *
job01237	* * * * *
job01238	13-59/15 * * * *
job01239	7-59/10 * * * *
job01240	13-59/15 * * * *
job01241	41 */4 * * *
job01242	43 4 * * *
job01243	17 */4 * * *
job01244	1-59/3 * * * *
job01245	13-59/15 * * * *
job01246	13-59/15 * * * *
job01247	13-59/15 * * * *
job01248	*/16 * * * *
job01249	* * * * *
job01250	2-59/5 * * * *
job01251	13-59/15 * * * *
job01252	36 * * * *
job01253	13-59/15 * * * *
job01254	13-59/15 * * * *
job01255	13-59/15 * * * *
job01256	2-59/5 * * * *
job01257	0 23 * * *
job01258	57 22 * * 0
job01259	0-59/60 * * * *
job01260	13-59/15 * * * *
job01261	13-59/15 * * * *
job01262	4 3 1-5,16-31 * *
job01263	30 * * * *
job01264	2-59/5 * * * *
job01265	13-59/15 * * * *
job01266	13-59/15 * * * *
job01267	44 * * * *
job01268	13-59/15 * * * *
job01269	15 * * * *
job01270	13-59/15 * * * *
job01271	6 6 * * *
job01272	0,30 * * * *
job01273	13-59/15 * * * *
job01274	11 6 1 * *
job01275	30 21 * * *
job01276	13-59/15 * * * *
job01277	40 * * * *
job01278	13-59/15 * * * *
job01279	4 */1 * * *
job01280	7-59/10 * * * *
job01281	57 0 * * 1-5
job01282	6 * * * *
job01283	7-59/10 * * * *
job01284	3 * * * *
job01285	54 * * * *
job01286	5 8-20/4 * * 1-5
job01287	10 8 * * *
job01288	13-59/15 * * * *
job01289	2-59/5 * * * *
job01290	2-59/5 * * * *
job01291	13-59/15 * * * 1-5
job01292	13-59/15 * * * *
job01293	13-59/15 * * * *
job01294	15 * * * *
job01295	13-59/15 * * * *
job01296	13-59/15 * * * *
job01297	30 5 * * *
job01298	2-59/5 * * * *
job01299	8 9 * * *
job01300	13-59/15 * * * *
job01301	35 7 * * *
job01302	13-59/15 * * * *
job01303	17 2 * * 1
job01304	20 0 * * *
job01305	* * * * *
job01306	13-59/15 * * * *
job01307	2 22 * * *
job01308	10-59/30 * * * *
job01309	1 8 * * *
job01310	36 14 * * *
job01311	34 * * * *
job01312	13-59/15 * * * *
job01313	13-59/15 * * * *
job01314	13-59/15 * * * *
job01315	13-59/15 * * * *
job01316	2-59/5 * * * *
job01317	13-59/15 * * * *
job01318	6 2 * * *
job01319	13-59/15 * * * *
job01320	* * * * *
job01321	13-59/15 * * * *
job01322	58 * * * *
job01323	21 22 * * 0
job01324	7-59/10 * * * *
job01325	45 * * * *
job01326	34 * * * *
job01327	0-59/6 * * * *
job01328	18 * * * *
job01329	13-59/15 * * * *
job01330	28 1 * * *
job01331	30 12,14,20 * * *
job01332	31 0 * * *
job01333	22 * * * *
job01334	12 * * * *
job01335	13-59/15 * * * *
job01336	13-59/15 * * * *
job01337	26 2 * * *
job01338	13-59/15 * * * *
job01339	13-59/15 * * * *
job01340	5 8 * * *
job01341	13-59/15 * * * *
job01342	13-59/15 * * * *
job01343	14 * * * *
job01344	13-59/15 * * * *
job01345	13-59/15 * * * *
job01346	30 2 * * *
job01347	40 8 * * *
job01348	13-59/15 * * * *
job01349	13-59/15 * * * *
job01350	21 3 * * *
job01351	14-59/15 * * * *
job01352	14-59/15 * * * *
job01353	14-59/15 * * * *
job01354	44 17 3 * *
job01355	14-59/15 * * * *
job01356	14-59/15 * * * *
job01357	2-59/20 * * * *
job01358	14-59/15 * * * *
job01359	14-59/15 * * * *
job01360	47 6 * * *
job01361	14-59/15 7-20 * * 1-6
job01362	14-59/15 * * * *
job01363	14-59/15 * * * *
job01364	2-59/5 * * * *
job01365	30 9 * * *
job01366	57 * * * *
job01367	14-59/15 * * * *
job01368	2-59/5 * * * *
job01369	15 * * * *
job01370	14-59/15 * * * *
job01371	22 * * * *
job01372	2-59/5 * * * *
job01373	14-59/15 * * * *
job01374	33 * * * *
job01375	5 */4 * * *
job01376	14-59/15 * * * *
job01377	21 6 * * *
job01378	0 2 * * *
job01379	14-59/15 * * * *
job01380	14-59/15 * * * *
job01381	33 */4 * * *
job01382	10 * * * 0-2,5-6
job01383	53 0 * * *
job01384	14-59/15 * * * *
job01385	31 8 * * *
job01386	48 5,11 * * 6
job01387	7-59/10 * * * *
job01388	55 7 * * 1
job01389	10-59/30 * * * *
job01390	* * * * *
job01391	4 8 * * *
job01392	14-59/15 * * * *
job01393	14-59/15 * * * *
job01394	15 8 * * 3
job01395	45 * * * *
job01396	15 * * * *
job01397	1-59/15 * * * *
job01398	10-59/30 * * * *
job01399	15 17 * * 1-5
job01400	22 * * * *
job01401	14-59/15 * * * *
job01402	14-59/15 * * * *
job01403	14-59/15 * * * *
job01404	2-59/5 * * * *
job01405	14-59/15 * * * *
job01406	28 0 * * *
job01407	6 8 * * *
job01408	17 14 * * *
job01409	31 * * * *
job01410	39 22 * * *
job01411	14-59/15 * * * *
job01412	14-59/15 * * * *
job01413	14-59/15 * * * *
job01414	14-59/15 * * * *
job01415	8,38 * * * *
job01416	45 * * * *
job01417	11-59/12 * * * *
job01418	2-59/5 * * * *
job01419	48 * * * *
job01420	14-59/15 * * * *
job01421	0 1 1 * *
job01422	11-59/30 * * * *
job01423	2-59/10 * * * *
job01424	14-59/15 * * * *
job01425	45 * * * *
job01426	13 * * * *
job01427	14-59/15 * * * *
job01428	2 * * * *
job01429	11-59/30 * * * *
job01430	8 * * * *
job01431	11-59/30 * * * *
job01432	11-59/30 * * * *
job01433	30 7 * * *
job01434	14-59/15 * * * *
job01435	14-59/15 * * * *
job01436	2-59/5 * * * *
job01437	14-59/15 * * * *
job01438	11 * * * *
job01439	14-59/15 * * * *
job01440	21 * * * *
job01441	7 * * * *
job01442	14-59/15 * * * *
job01443	14-59/15 * * * *
job01444	56 * * * *
job01445	14-59/15 * * * *
job01446	51 0 * * *
job01447	13 */24 * * *
job01448	14-59/15 * * * *
job01449	7-59/10 * * * *
job01450	45 * * * *
job01451	8 * * * *
job01452	14-59/15 * * * *
job01453	42 * * * *
job01454	2-59/5 * * * *
job01455	3 6 * * *
job01456	11-59/30 * * * *
job01457	2-59/5 * * * *
job01458	38 * * * *
job01459	14-59/15 * * * *
job01460	11-59/30 3-21 * * 1-6
job01461	14-59/15 * * * *
job01462	46 6 * * 1
job01463	3 */8 * * *
job01464	56 0 * * *
job01465	50 5 * * 0
job01466	14-59/15 * * * *
job01467	15 * * * *
job01468	14-59/15 * * * *
job01469	57 7 * * *
job01470	14-59/15 * * * *
job01471	12 23 * * *
job01472	14-59/15 * * * *
job01473	14-59/15 * * * *
job01474	14-59/15 * * * *
job01475	14-59/15 * * * *
job01476	40 * * * *
job01477	* * * * *
job01478	2-59/5 * * * *
job01479	14-59/15 * * * *
job01480	14-59/15 * * * *
job01481	12-59/30 * * * *
job01482	14-59/15 * * * *
job01483	12-59/30 * * * *
job01484	14-59/15 1-17 * * 1-5
job01485	14-59/15 * * * *
job01486	14-59/15 * * * *
job01487	12 6 1,16 * *
job01488	43 0,9,12,15,18,21 * * *
job01489	30 * * * *
job01490	14-59/15 * * * *
job01491	47 1 2 * *
job01492	1-59/15 * * * *
job01493	0 23 * * *
job01494	6 */4 * * *
job01495	39 2 1 * *
job01496	14-59/15 * * * *
job01497	49 9 * * 1
job01498	58 7 1 * *
job01499	14-59/15 * * * *
job01500	15 * * * *
job01501	2-59/5 * * * *
job01502	23 0 * * *
job01503	23 */12 * * *
job01504	12-59/30 * * * *
job01505	12-59/30 * * * *
job01506	12-59/30 * * * *
job01507	19 6 * * 1
job01508	7-59/10 * * * *
job01509	12-59/30 * * * *
job01510	3-59/5 * * * *
job01511	14-59/15 * * * *
job01512	*/17 * * * *
job01513	14-59/15 * * * *
job01514	3-59/5 * * * *
job01515	3-59/5 * * * *
job01516	54 * * * *
job01517	14 18 * * *
job01518	14-59/15 * * * *
job01519	14-59/15 * * * *
job01520	39 * * * *
job01521	40 */3 * * *
job01522	14-59/15 * * * *
job01523	42 0 * * *
job01524	56 13 * * *
job01525	14-59/15 * * * *
job01526	44 5 * * 1
job01527	14-59/15 * * * *
job01528	4-59/5 * * * *
job01529	14-59/15 * * * *
job01530	3 21 * * *
job01531	49 * * * *
job01532	41 * * * *
job01533	14-59/15 * * * *
job01534	14-59/15 * * * *
job01535	14-59/15 * * * *
job01536	16 5 * * *
job01537	14-59/15 * * * *
job01538	14-59/15 * * * *
job01539	14-59/15 * * * *
job01540	15 0 * * *
job01541	1 * * * *
job01542	14-59/15 * * * *
job01543	14-59/15 * * * *
job01544	14-59/15 * * * *
job01545	13-59/30 * * * *
job01546	14-59/15 * * * *
job01547	30 21 * * *
job01548	2-59/3 * * * *
job01549	17 8 * * *
job01550	47 1 2 * *
job01551	27 0 * * *
job01552	14-59/15 * * * *
job01553	19 * * * *
job01554	51 * * * *
job01555	3-59/5 * * * *
job01556	3-59/5 * * * *
job01557	7-59/10 * * * *
job01558	14-59/15 * * * *
job01559	11 * * * *
job01560	13-59/30 7-22 * * *
job01561	4 * * * *
job01562	14-59/15 * * * *
job01563	3-59/5 * * * *
job01564	14-59/15 * * * *
job01565	14-59/15 * * * *
job01566	14-59/15 * * * *
job01567	30 * * * *
job01568	17 4 * * *
job01569	4 6 * * *
job01570	14-59/15 0-5,17-23 * * 0
job01571	14-59/15 * * * *
job01572	11 * * * *
job01573	13-59/30 * * * *
job01574	14-59/15 * * * *
job01575	14-59/15 * * * *
job01576	21 */3 * * *
job01577	3-59/5 * * * *
job01578	23 6 * * 1
job01579	53 6 * * 1
job01580	1 * * * *
job01581	3-59/5 * * * *
job01582	3-59/5 * * * *
job01583	45 2 * * *
job01584	10 * * * *
job01585	46 * * * *
job01586	3 16 * * *
job01587	3-59/5 * * * *
job01588	45 * * * *
job01589	14-59/15 * * * *
job01590	13 * * * *
job01591	14-59/15 * * * *
job01592	7-59/10 * * * 1-5
job01593	0-59/15 * * * *
job01594	0-59/15 * * * *
job01595	0-59/15 * * * *
job01596	14 * * * *
job01597	39 * * * *
job01598	24 23 * * *
job01599	46 5 * * 2,5
job01600	0-59/15 * * * *
job01601	32 */24 * * *
job01602	13 10 1 * *
job01603	13-59/30 * * * *
job01604	3-59/30 * * * *
job01605	19-59/20 * * * *
job01606	3-59/5 * * * *
job01607	0-59/15 * * * *
job01608	3-59/5 * * * *
job01609	26 0 * * *
job01610	55 0 31 2 *
job01611	6 * * * *
job01612	3-59/5 * * * *
job01613	25 5 * * *
job01614	35 0 * * *
job01615	3-59/5 * * * *
job01616	11 3 * * *
job01617	3-59/5 * * * *
job01618	8 * * * *
job01619	8-59/10 * * * *
job01620	50 1 * * *
job01621	3-59/5 * * * *
job01622	13-59/30 7-21 * * 1-6
job01623	43 6 * * 1
job01624	8 * * * *
job01625	15 * * * *
job01626	49 */24 * * *
job01627	15 * * * *
job01628	0-59/15 * * * *
job01629	41 * * * *
job01630	13-59/30 * * * *
job01631	24 0 1 * *
job01632	41 3 * * *
job01633	29 0 1 * *
job01634	8-59/10 * * * *
job01635	0-59/15 * * * *
job01636	0-59/15 * * * *
job01637	3-59/5 * * * *
job01638	27 9 * * *
job01639	0-59/15 * * * *
job01640	3-59/5 * * * *
job01641	9 * * * *
job01642	0-59/15 * * * *
job01643	30 22 * * 1-5
job01644	0-59/15 * * * *
job01645	38 * * * *
job01646	0-59/15 * * * *
job01647	39 * * * *
job01648	0-59/15 * * * *
job01649	15 * * * *
job01650	7 8 * * 5,5
job01651	34 * * * *
job01652	0-59/15 * * * *
job01653	0-59/15 * * * *
job01654	3-59/5 * * * *
job01655	3 13 * * 1-6
job01656	* * * * *
job01657	55 * * * *
job01658	0-59/15 * * * *
job01659	3-59/5 * * * *
job01660	14-59/30 * * * *
job01661	0-59/15 * * * *
job01662	30 6 * * *
job01663	3-59/5 * * * *
job01664	0-59/15 * * * *
job01665	45 * * * *
job01666	21 8 * * *
job01667	19 4 * * *
job01668	3-59/5 * * * *
job01669	31 18 * * *
job01670	14 * * * *
job01671	0-59/15 * * * *
job01672	59 * * * *
job01673	30 15 * * *
job01674	14-59/30 * * * *
job01675	20 15 * * *
job01676	19-59/20 * * * *
job01677	0-59/15 * * * *
job01678	21 * * * *
job01679	0-59/15 * * * *
job01680	1 * * * *
job01681	30 */4 * * *
job01682	0-59/15 * * * *
job01683	22 * * * *
job01684	4-59/5 * * * *
job01685	3-59/5 * * * *
job01686	0-59/15 * * * *
job01687	0-59/15 * * * *
job01688	14 8 * * *
job01689	8-59/10 * * * *
job01690	34 */4 * * *
job01691	4,34 * * * *
job01692	8-59/10 * * * *
job01693	31 6 * * 2
job01694	3-59/5 * * * *
job01695	29 9 * * 1
job01696	54 7 2 * *
job01697	0-59/15 * * * *
job01698	27 1 * * *
job01699	0-59/15 * * * *
job01700	0-59/15 * * * *
job01701	31 * * * *
job01702	1 4 * * *
job01703	3-59/5 * * * *
job01704	0-59/15 * * * *
job01705	0-59/15 * * * *
job01706	0-59/15 * * * *
job01707	0-59/15 * * * *
job01708	9 * * * *
job01709	43 * * * 1
job01710	3-59/5 * * * *
job01711	0-59/15 * * * *
job01712	30 22 * * 1-5
job01713	10 * * * 0-2,5-6
job01714	0-59/15 * * * *
job01715	3-59/5 * * * *
job01716	0-59/15 * * * *
job01717	47 * * * *
job01718	30 1 * * *
job01719	0-59/15 * * * *
job01720	8-59/10 * * * *
job01721	55 22 * * *
job01722	0-59/15 * * * *
job01723	0-59/15 9-21 * * 0,6
job01724	* * * * *
job01725	30 8 * * 1-6
job01726	58 6 * * 1
job01727	13 17 * * 1-5
job01728	0-59/15 * * * *
job01729	3-59/5 * * * *
job01730	49 9 * * *
job01731	3-59/5 * * * *
job01732	3-59/5 * * * *
job01733	3-59/5 * * * *
job01734	11 * * * *
job01735	0-59/15 * * * *
job01736	0-59/15 * * * *
job01737	59 3 * * *
job01738	0-59/15 * * * *
job01739	50 6 * * 1
job01740	0-59/15 * * * *
job01741	0-59/15 * * * *
job01742	0-59/15 * * * *
job01743	3-59/5 * * * *
job01744	27 * * * *
job01745	6 12 * * *
job01746	49 0 * * 1
job01747	7 * * * *
job01748	30 * * * *
job01749	0-59/15 * * * *
job01750	27 6 * * 1
job01751	14 * * * *
job01752	7 7-19 * * 1-6
job01753	*/9 * * * *
job01754	0-59/15 * * * *
job01755	3-59/5 * * * *
job01756	0-59/15 * * * *
job01757	0-59/15 * * * *
job01758	0-59/15 * * * *
job01759	42 11 * * 1
job01760	3-59/5 * * * *
job01761	26 5 * * *
job01762	0-59/15 * * * 1-5
job01763	25 2 * * *
job01764	30 4 * * *
job01765	0-59/15 * * * *
job01766	45 2 * * *
job01767	0-59/15 * * * *
job01768	19 3 * * *
job01769	0-59/15 * * * *
job01770	0-59/15 * * * *
job01771	0-59/15 * * * *
job01772	* * * * *
job01773	0-59/15 * * * *
job01774	19 */1 * * *
job01775	11 5 * * *
job01776	0-59/15 * * * *
job01777	3-59/5 * * * *
job01778	6 * * * *
job01779	38 0 * * *
job01780	0-59/15 * * * *
job01781	0-59/15 * * * *
job01782	30 23 * * *
job01783	0-59/15 * * * *
job01784	22 8 * * *
job01785	11 * * * *
job01786	30 16 * * *
job01787	* * * * *
job01788	27 7 * * *
job01789	15 * * * *
job01790	45 * * * *
job01791	2 5 * * 5
job01792	55 23 * * *
job01793	10 10 * * 0
job01794	0-59/15 * * * *
job01795	58 18 * * *
job01796	0-59/15 * * * *
job01797	14-59/30 * * * *
job01798	35 6 * * *
job01799	0-59/15 * * * *
job01800	43 4-17 1,5,8,12,15,19,22,26,29 * *
job01801	3-59/5 * * * *
job01802	46 1 * * *
job01803	40 16 * * 0,2,3,4,5,6
job01804	0-59/15 * * * *
job01805	10 * * * *
job01806	4 20 * * *
job01807	0-59/15 * * * *
job01808	26 */2 * * *
job01809	0-59/15 * * * *
job01810	0-59/15 * * * *
job01811	3-59/5 * * * *
job01812	0-59/15 * * * *
job01813	3-59/5 * * * *
job01814	54 * * * *
job01815	27 10 * * *
job01816	58 8 * * 1
job01817	10 8 * * *
job01818	0-59/15 * * * *
job01819	0-59/15 * * * *
job01820	0-59/15 * * * *
job01821	0-59/15 * * * *
job01822	0-59/15 * * * *
job01823	3-59/5 * * * *
job01824	0-59/15 * * * *
job01825	50 * * * *
job01826	0-59/15 * * * *
job01827	0-59/15 * * * *
job01828	0-59/15 0-5 * * 2-5
job01829	14-59/30 * * * *
job01830	22 0 * * *
job01831	29 * * * *
job01832	53 0 1 * *
job01833	18 * * * *
job01834	0-59/15 * * * *
job01835	53 0 * * *
job01836	14-59/30 * * * *
job01837	22 * * * *
job01838	17 16 * * *
job01839	33 2 * * *
job01840	24 * * * *
job01841	41 9 * * *
job01842	0-59/15 * * * *
job01843	12 6 * * *
job01844	0-59/15 * * * *
job01845	14-59/30 * * * *
job01846	0-59/15 * * * *
job01847	30 * * * *
job01848	46 * * * *
job01849	3,18,33,48 * * * *
job01850	8-59/10 5-23 * * 0
job01851	53 7 * * *
job01852	45 * * * *
job01853	59 */4 * * *
job01854	* * * * *
job01855	15-59/30 * * * *
job01856	58 14 * * *
job01857	3 */6 * * *
job01858	6 7-21 * * *
job01859	0-59/15 * * * *
job01860	3-59/5 * * * *
job01861	15-59/30 * * * *
job01862	26 23 * * *
job01863	0-59/15 * * * *
job01864	15-59/30 * * * *
job01865	0-59/15 * * * *
job01866	11 0 * * *
job01867	0-59/15 * * * *
job01868	17 5 * * *
job01869	0-59/15 * * * *
job01870	15-59/30 * * * *
job01871	0-59/15 * * * *
job01872	15 * * * *
job01873	0-59/15 * * * *
job01874	30 * * * *
job01875	1-59/15 * * * *
job01876	4-59 * * * *
job01877	1-59/15 * * * *
job01878	*/16 * * * *
job01879	* * * * *
job01880	1-59/15 * * * *
job01881	31 * * * *
job01882	1-59/15 * * * *
job01883	1-59/15 * * * *
job01884	12 0 * * *
job01885	14 6 * * 1
job01886	15-59/30 * * * *
job01887	3-59/5 * * * *
job01888	20 12 * * *
job01889	1-59/15 * * * *
job01890	1-59/15 * * * *
job01891	23 10 1 * *
job01892	1-59/15 2-23 * * *
job01893	1-59/15 * * * *
job01894	3-59/5 * * * *
job01895	5 * * * *
job01896	59 2 * * 0
job01897	0-59/20 * * * *
job01898	5 23 * * *
job01899	1-59/15 * * * *
job01900	8-59/10 * * * *
job01901	1-59/15 * * * *
job01902	9 8 * * *
job01903	1-59/15 * * * *
job01904	* * * * *
job01905	1-59/15 * * * *
job01906	3-59/5 * * * *
job01907	3-59/5 * * * *
job01908	30 13 * * *
job01909	1-59/15 * * * *
job01910	1-59/15 * * * *
job01911	3-59/5 * * * *
job01912	1-59/15 * * * *
job01913	31 6 * * 1
job01914	1-59/15 * * * *
job01915	8-59/10 * * * *
job01916	3-59/5 * * * *
job01917	50 14 * * *
job01918	40 * * * *
job01919	1-59/15 * * * *
job01920	15-59/30 * * * *
job01921	1-59/15 * * * *
job01922	22 4,5,6,7 * * *
job01923	45 * * * *
job01924	30 * * * *
job01925	38 22 * * 1-5
job01926	56 */4 * * *
job01927	45 * * * *
job01928	55 6 * * 2
job01929	42 8 * * 1
job01930	0-59/20 * * * *
job01931	1-59/15 * * * *
job01932	3-59/5 * * * *
job01933	1-59/15 * * * *
job01934	3-59/5 * * * *
job01935	40 12 * * 1
job01936	1 * * * *
job01937	1-59/15 * * * *
job01938	55 6 * * *
job01939	50 22 * * 1-5
job01940	1-59/15 0-5 * * *
job01941	1-59/15 * * * *
job01942	38 * * * *
job01943	1-59/15 * * * *
job01944	0-59/2 * * * *
job01945	1-59/15 * * * *
job01946	3-59/5 * * * *
job01947	1-59/15 * * * *
job01948	16-59/30 * * * *
job01949	30 1 * * *
job01950	16-59/30 * * * *
job01951	1-59/15 * * * *
job01952	56 * * * *
job01953	16-59/30 * * * *
job01954	1-59/15 * * * *
job01955	28 5 * * *
job01956	3 22 * * *
job01957	38 22 * * *
job01958	43 4 * * 6
job01959	4 20 * * *
job01960	1-59/15 * * * *
job01961	4-59/5 * * * *
job01962	29 2 * * *
job01963	50 * * * *
job01964	1-59/15 * * * *
job01965	35 * * * *
job01966	1-59/15 * * * *
job01967	16-59/30 * * * *
job01968	3 2 * * *
job01969	7 5 * * *
job01970	1-59/15 * * * *
job01971	3-59/5 * * * *
job01972	8-59/10 * * * *
job01973	55 */4 * * *
job01974	* * * * *
job01975	29 7 * * *
job01976	45 * * * *
job01977	40 21 * * 1-5
job01978	1-59/15 * * * *
job01979	57 7,14 * * *
job01980	58 4 * * *
job01981	3-59/5 * * * *
job01982	1-59/15 * * * *
job01983	48 * * * *
job01984	1 6,14 * * *
job01985	10 8 * * *
job01986	1-59/15 * * * *
job01987	47 9 * * *
job01988	48 10 * * *
job01989	1-59/15 * * * *
job01990	10 * * * *
job01991	16-59/30 5-22 * * *
job01992	1-59/15 * * * *
job01993	2 * * * *
job01994	12 9 * * *
job01995	49 2 * * *
job01996	1-59/15 * * * *
job01997	36 * * * *
job01998	1-59/15 * * * *
job01999	1 8-23 * * *
job02000	46 2 * * *
job02001	17 * * * *
job02002	52 23 * * *
job02003	1-59/15 * * * *
job02004	1-59/15 * * * *
job02005	42 17 * * *
job02006	* * * * *
job02007	4 2 * * *
job02008	29 3 1 * *
job02009	3-59/5 * * * *
job02010	1-59/15 * * * *
job02011	1-59/15 * * * *
job02012	2 * * * *
job02013	53 2 * * *
job02014	1-59/15 * * * *
job02015	30 * * * *
job02016	2 * * * *
job02017	3-59/5 * * * *
job02018	1-59/15 * * * *
job02019	45 * * * *
job02020	3 * * * *
job02021	3-59/5 * * * *
job02022	1-59/15 * * * *
job02023	1-59/15 * * * *
job02024	3-59/5 * * * *
job02025	30 17 * * 0
job02026	10 0 * * *
job02027	1-59/15 * * * *
job02028	2 0 2 * *
job02029	1-59/15 * * * *
job02030	1-59/20 * * * *
job02031	3-59/5 * * * *
job02032	3 6 * * *
job02033	16-59/30 * * * *
job02034	30 5 * * 1
job02035	17-59/30 * * * *
job02036	1-59/15 * * * *
job02037	7 * * * *
job02038	8-59/10 * * * *
job02039	1-59/15 * * * *
job02040	1-59/15 * * * *
job02041	1-59/15 * * * *
job02042	9 * * * *
job02043	10 12 * * *
job02044	33 * * * *
job02045	45 9 * * *
job02046	1-59/15 * * * *
job02047	1-59/15 * * * *
job02048	8-59/10 * * * *
job02049	1-59/15 * * * *
job02050	3 * * * *
job02051	1-59/15 * * * *
job02052	*/1 * * * *
job02053	1-59/15 * * * *
job02054	53 * * * *
job02055	1-59/15 13-15 * * *
job02056	3-59/60 * * * *
job02057	4 0-21 * * *
job02058	41 18 * * *
job02059	3-59/5 3-20 * * 1-5
job02060	57 0 * * *
job02061	19 9 * * *
job02062	43 3 * * *
job02063	48 5,11 * * 6
job02064	1-59/15 * * * *
job02065	8-59/10 * * * *
job02066	3-59/5 * * * *
job02067	51 0 * * 6
job02068	3-59/5 * * * *
job02069	1-59/15 * * * *
job02070	1-59/15 * * * *
job02071	1-59/15 * * * *
job02072	1 * * * *
job02073	43 8 * * *
job02074	5 4 * * *
job02075	1-59/15 * * * *
job02076	1-59/15 * * * *
job02077	53 0 1 * *
job02078	46 1-5 * * *
job02079	1-59/15 * * * *
job02080	5 18 * * 0
job02081	15 * * * *
job02082	1-59/15 * * * *
job02083	1-59/15 * * * *
job02084	1 6 * * *
job02085	48 * * * *
job02086	13 * * * *
job02087	24 6 * * 1
job02088	3 * * * *
job02089	43 3 * * *
job02090	1-59/15 * * * *
job02091	28 * * * *
job02092	1-59/2 * * * 1
job02093	1-59/15 * * * *
job02094	6 14 * * *
job02095	1-59/15 * * * *
job02096	1-59/15 * * * *
job02097	27 * * * *
job02098	2-59/10 * * * *
job02099	1-59/15 * * * *
job02100	* * * * *
job02101	1-59/15 * * * *
job02102	1-59/15 * * * *
job02103	55 * * * *
job02104	7 5 * * *
job02105	8-59/10 * * * *
job02106	8-59/10 * * * *
job02107	0,30 * * * *
job02108	3-59/5 * * * *
job02109	59 10 * * 4
job02110	17-59/30 * * * *
job02111	8 * * * *
job02112	9 2 * * *
job02113	3-59/5 * * * *
job02114	3-59/5 * * * *
job02115	1-59/15 * * * *
job02116	*/7 * * * *
job02117	7 * * * *
job02118	40 8 * * 5
job02119	38 2 * * *
job02120	10 9 * * *
job02121	42 7 * * 1
job02122	15 * * * *
job02123	17-59/30 * * * *
job02124	24 * * * *
job02125	21 * * * *
job02126	1-59/15 * * * *
job02127	41 * * * *
job02128	58 21 * * *
job02129	17-59/30 * * * *
job02130	21 7 * * *
job02131	2 4 27 * *
job02132	1-59/15 * * * *
job02133	3-59/5 * * * *
job02134	49 4 * * *
job02135	1-59/15 * * * *
job02136	3-59/5 0-19,23 * * *
job02137	3 8 * * *
job02138	30 12 * * *
job02139	17-59/30 * * * *
job02140	3-59/5 * * * *
job02141	1-59/15 * * * *
job02142	1-59/15 1-3 * * *
job02143	30 21 * * *
job02144	51 1 * * *
job02145	1-59/15 * * * *
job02146	8-59/10 * * * *
job02147	9-59/10 * * * *
job02148	1-59/15 * * * *
job02149	10 0 * * *
job02150	3-59/5 * * * *
job02151	19 0 * * *
job02152	1-59/15 * * * *
job02153	9-59/10 * * * *
job02154	1-59/15 * * * *
job02155	1-59/15 * * * *
job02156	7 * * * *
job02157	3-59/5 * * * *
job02158	0-59/3 * * * *
job02159	1-59/15 * * * *
job02160	1-59/15 * * * *
job02161	46 10 * * *
job02162	2-59/15 * * * *
job02163	25 2 * * 1
job02164	17-59/30 * * * *
job02165	1-59/15 * * * *
job02166	20 5 * * *
job02167	2-59/15 * * * *
job02168	2-59/15 * * * *
job02169	19 7 * * *
job02170	20 * * * *
job02171	30 6 * * 1-5
job02172	2-59/15 * * * *
job02173	1-59/15 * * * *
job02174	45 2 * * *
job02175	39 0 2 * *
job02176	3-59/5 20-22 * * 6
job02177	2-59/15 * * * *
job02178	2-59/15 * * * *
job02179	28 3 * * *
job02180	18-59/30 * * * *
job02181	2 */6 * * *
job02182	1 6,18 * * *
job02183	2-59/15 * * * *
job02184	59 */4 * * *
job02185	36 * * * *
job02186	6 * * * *
job02187	1 * * * *
job02188	2-59/15 0,4-23 * * *
job02189	15 * * * *
job02190	12 0 * * 0
job02191	10 16-17 * * 1-2
job02192	18-59/30 * * * *
job02193	3-59/5 * * * *
job02194	18-59/30 * * * *
job02195	2-59/15 * * * *
job02196	3-59/5 * * * *
job02197	59 4 * * *
job02198	2-59/15 1-17 * * 1-5
job02199	30 * * * *
job02200	2-59/15 * * * *
job02201	11 */4 * * *
job02202	3-59/5 * * * *
job02203	29 8 * * *
job02204	10 * * * *
job02205	2-59/15 * * * *
job02206	2-59/15 * * * *
job02207	2-59/15 * * * *
job02208	3-59/5 * * * *
job02209	6 6 * * *
job02210	2-59/15 * * * *
job02211	5 * * * *
job02212	4-59/5 * * * *
job02213	2-59/15 6-23 * * 1-5
job02214	2-59/15 * * * *
job02215	9-59/10 * * * *
job02216	2-59/15 * * * *
job02217	15 * * * *
job02218	30 * * * *
job02219	2-59/15 * * * *
job02220	3 6 * * 1
job02221	4-59/5 * * * *
job02222	42 6,18 * * *
job02223	11 * * * *
job02224	9-59/10 * * * *
job02225	2-59/15 * * * *
job02226	2-59/15 * * * *
job02227	53 5 * * *
job02228	2-59/15 * * * *
job02229	1 7 * * 1
job02230	23 4 * * *
job02231	2-59/15 * * * *
job02232	4-59/5 * * * *
job02233	44 * * * *
job02234	* * * * *
job02235	39 */2 * * *
job02236	44 0 * * *
job02237	2-59/15 * * * *
job02238	4 6 * * 5
job02239	52 8 * * *
job02240	2 * * * *
job02241	3 6 * * *
job02242	52 6 * * 1,3
job02243	2-59/15 * * * *
job02244	2-59/15 * * * *
job02245	23 * * * *
job02246	2-59/10 * * * *
job02247	1-59/20 * * * *
job02248	2-59/15 * * * *
job02249	2-59/15 * * * *
job02250	18-59/30 7-16 * * 1-5
job02251	2-59/15 * * * *
job02252	2-59/15 * * * *
job02253	2-59/15 * * * *
job02254	2-59/15 * * * *
job02255	9 * * * *
job02256	11 * * * *
job02257	39 * * * *
job02258	4-59/5 * * * *
job02259	2-59/15 * * * *
job02260	4-59/5 * * * *
job02261	33 * * * *
job02262	2-59/15 * * * *
job02263	58 2 * * *
job02264	2-59/15 * * * *
job02265	4-59/5 * * * *
job02266	39 1 * * *
job02267	4-59/5 * * * *
job02268	39 * * * *
job02269	2-59/15 * * * *
job02270	18-59/30 * * * *
job02271	2-59/15 * * * *
job02272	8 8 * * *
job02273	2-59/15 * * * *
job02274	* * * * *
job02275	6 * * * *
job02276	2-59/15 * * * *
job02277	57 10 * * 1
job02278	2-59/15 * * * *
job02279	15 * * * *
job02280	2-59/15 * * * *
job02281	4-59/5 * * * *
job02282	18 6 * * 1
job02283	5 0 * * *
job02284	2-59/15 * * * *
job02285	44 0 * * *
job02286	38 0 * * *
job02287	2-59/15 * * * *
job02288	2-59/15 * * * *
job02289	2-59/15 * * * *
job02290	2-59/15 * * * *
job02291	4-59/5 * * * *
job02292	11 5 * * *
job02293	58 7 * * *
job02294	2-59/15 * * * *
job02295	47 1 * * 1
job02296	4-59/5 * * * *
job02297	2-59/15 * * * *
job02298	14 15 * * *
job02299	2-59/15 3-20 * * 0,6
job02300	31 6 * * 1
job02301	22 0 * * *
job02302	* * * * *
job02303	16 13 * * *
job02304	2-59/15 * * * *
job02305	2-59/15 * * * *
job02306	20 2 * * *
job02307	56 0 31 2 *
job02308	4-59/5 * * * *
job02309	2-59/15 * * * *
job02310	2-59/15 * * * *
job02311	40 21 * * 1-5
job02312	8 12 * * *
job02313	4-59/5 * * * *
job02314	35 6 * * *
job02315	21 10 3 * *
job02316	4-59/5 * * * *
job02317	4-59/5 * * * *
job02318	17 * * * *
job02319	2-59/15 * * * *
job02320	21 */2 * * *
job02321	2-59/15 16-18 * * *
job02322	2-59/15 * * * *
job02323	48 0 * * *
job02324	15 * * * *
job02325	38 * * * *
job02326	2-59/15 * * * *
job02327	2-59/15 * * * *
job02328	9 6 * * *
job02329	20 3 * * 1-5
job02330	45 2 * * *
job02331	4-59/5 * * * *
job02332	9-59/10 * * * *
job02333	47 * * * *
job02334	2-59/15 * * * *
job02335	2-59/15 * * * *
job02336	51 * * * *
job02337	2-59/15 * * * *
job02338	21 */24 * * *
job02339	2-59/15 * * * *
job02340	46 */4 * * *
job02341	20 23 * * *
job02342	2-59/15 * * * *
job02343	15 * * * *
job02344	9 * * * *
job02345	30 * * * *
job02346	2-59/15 * * * *
job02347	14 7 * * *
job02348	2-59/15 * * * *
job02349	37 */2 * * *
job02350	4-59/5 * * * *
job02351	50 6 * * 1
job02352	2-59/15 * * * *
job02353	10 12 * * *
job02354	7 1 * * *
job02355	2-59/15 * * * *
job02356	43 * * * *
job02357	21 6 * * 3
job02358	7 1 * * *
job02359	2-59/15 * * * *
job02360	2-59/15 * * * *
job02361	18-59/30 * * * *
job02362	4 3 * * 3
job02363	55 */4 * * *
job02364	15 * * * *
job02365	36 9 * * *
job02366	19 18 * * *
job02367	2-59/15 * * * *
job02368	9-59/10 * * * *
job02369	2-59/15 * * * *
job02370	2-59/15 * * * *
job02371	40 21 * * 1-5
job02372	44 */3 * * *
job02373	4-59/5 * * * *
job02374	59 9 * * *
job02375	29 * * * *
job02376	5,20,35,50 * * * *
job02377	0 20 * * *
job02378	27 * * * *
job02379	15 5 1-7,11 * *
job02380	16 1 * * *
job02381	14 * * * *
job02382	2-59/15 * * * *
job02383	45 16 * * *
job02384	59 * * * *
job02385	2-59/15 * * * *
job02386	32 0 1 * *
job02387	43 * * * *
job02388	28 */4 * * *
job02389	6 */4 * * *
job02390	8 5 * * *
job02391	2-59/15 * * * *
job02392	55 0 1 * *
job02393	2-59/15 * * * *
job02394	45 8 * * 1
job02395	4-59/5 * * * *
job02396	19-59/30 * * * *
job02397	2-59/15 * * * *
job02398	14 * * * *
job02399	4-59/5 * * * 1-5
job02400	4-59/5 8-20 * * *
job02401	*/50 6 * * *
job02402	9-59/10 * * * *
job02403	2-59/15 * * * *
job02404	2-59/15 * * * *
job02405	3 22 * * *
job02406	58 10 * * 1
job02407	40 6 * * *
job02408	30 * * * *
job02409	2-59/15 * * * *
job02410	20 * * * *
job02411	2-59/20 * * * 1-5
job02412	2-59/15 * * * *
job02413	4-59/5 * * * *
job02414	2-59/15 * * * *
job02415	* * * * *
job02416	26 2 2 * *
job02417	2-59/15 * * * *
job02418	4-59/5 * * * *
job02419	2-59/15 * * * *
job02420	47 * * * *
job02421	9-59/10 2-20 * * *
job02422	4-59/5 * * * *
job02423	1 * * * *
job02424	* * * * *
job02425	4-59/5 * * * *
job02426	9-59/10 * * * *
job02427	2-59/15 * * * *
job02428	51 * * * *
job02429	2-59/15 * * * *
job02430	34 0 * * *
job02431	2-59/15 * * * *
job02432	19 0 * * *
job02433	1-59/2 * * * *
job02434	4-59/5 * * * *
job02435	2 8 * * *
job02436	2-59/15 * * * *
job02437	30 6 * * *
job02438	28 9 * * *
job02439	9-59/10 * * * *
job02440	2-59/15 * * * *
job02441	8 6 * * 1
job02442	3-59/15 * * * *
job02443	4-59/5 * * * *
job02444	11 8 * * *
job02445	3-59/15 * * * *
job02446	51 * * * *
job02447	3-59/15 * * * *
job02448	5 */6 * * *
job02449	23 * * * *
job02450	37 */24 * * *
job02451	5 8 * * *
job02452	3-59/15 * * * *
job02453	16 6 * * *
job02454	19-59/30 * * * *
job02455	* * * * *
job02456	3-59/15 * * * *
job02457	4-59/5 8-20 * * *
job02458	3-59/15 * * * *
job02459	16 2 * * *
job02460	50 6 * * 1
job02461	59 */4 * * *
job02462	19-59/30 1-21 * * *
job02463	26 6 * * *
job02464	3-59/15 * * * *
job02465	4 5 10 3 *
job02466	21 12 * * *
job02467	27 23 * * 1-5
job02468	3-59/15 * * * *
job02469	3-59/15 * * * *
job02470	51 6 * * *
job02471	14 * * * *
job02472	14 * * * *
job02473	9-59/10 * * * *
job02474	3-59/15 * * * *
job02475	3-59/15 * * * *
job02476	3-59/15 * * * *
job02477	3-59/15 * * * *
job02478	14 15 * * *
job02479	9-59/10 * * * *
job02480	39 15 * * 1
job02481	3-59/15 * * * *
job02482	3-59/15 * * * *
job02483	30 * * * *
job02484	12 23 * * *
job02485	18 * * * *
job02486	3-59/15 * * * *
job02487	3-59/15 * * * *
job02488	3-59/15 * * * *
job02489	30 9 * * *
job02490	4-59/5 * * * *
job02491	13 9 * * *
job02492	9-59/10 * * * *
job02493	3-59/15 * * * *
job02494	15 */4 * * *
job02495	10 * * * *
job02496	1-59/30 * * * *
job02497	3-59/15 * * * *
job02498	3-59/15 * * * *
job02499	3-59/15 * * * *
job02500	18 9 * * *
job02501	51 0 * * *
job02502	19-59/30 * * * *
job02503	* * * * *
job02504	3-59/15 * * * *
job02505	32 6 * * 1
job02506	3-59/15 * * * *
job02507	3-59/15 * * * *
job02508	51 0 1 * *
job02509	3-59/15 * * * *
job02510	31 5 * * *
job02511	9-59/10 * * * *
job02512	3-59/15 * * * *
job02513	10 6 * * 0,2,3,4,5,6
job02514	4 * * * *
job02515	4 15 * * *
job02516	22 * * * *
job02517	3-59/15 * * * *
job02518	3-59/15 * * * *
job02519	3-59/15 * * * *
job02520	3-59/15 * * * *
job02521	19-59/30 * * * *
job02522	3-59/15 1-17 * * 1-5
job02523	3-59/15 * * * *
job02524	25 0 31 2 *
job02525	4-59/5 * * * *
job02526	4-59/5 * * * *
job02527	3-59/15 * * * *
job02528	9-59/10 * * * *
job02529	19-59/30 * * * *
job02530	48 4 * * *
job02531	11 * * * *
job02532	34 5 * * *
job02533	35 * * * *
job02534	5 * * * *
job02535	3-59/15 * * * *
job02536	31 * * * *
job02537	20-59/30 * * * *
job02538	3-59/15 1-17 * * 1-5
job02539	43 2 * * *
job02540	4-59/5 * * * *
job02541	28 * * * *
job02542	3-59/15 * * * *
job02543	20-59/30 * * * *
job02544	4-59/5 * * * *
job02545	0-59/10 * * * *
job02546	3-59/15 * * * *
job02547	* * * * *
job02548	26 * * * *
job02549	10 4 * * 1-5
job02550	32 5 * * *
job02551	22 2 * * 1
job02552	3-59/15 * * * 1-5
job02553	59 * * * *
job02554	3-59/15 * * * *
job02555	3-59/15 * * * *
job02556	24 0 * * *
job02557	20-59/30 * * * *
job02558	41 * * * *
job02559	3-59/15 * * * *
job02560	56 6 * * 1
job02561	37 7 * * 1
job02562	21 1-15 * * *
job02563	26 * * * *
job02564	4-59/5 * * * *
job02565	31 9 * * 0
job02566	9 1 * * *
job02567	3-59/15 * * * *
job02568	0-59/10 * * * *
job02569	3-59/15 * * * *
job02570	53 18 * * *
job02571	3-59/15 * * * *
job02572	3-59/15 * * * *
job02573	27 4 * * 0
job02574	3-59/15 * * * *
job02575	30 2 * * *
job02576	3-59/15 * * * *
job02577	3-59/15 * * * *
job02578	3-59/15 * * * *
job02579	9 */4 * * *
job02580	36 */4 * * *
job02581	4-59/5 * * * *
job02582	1 5 * * 2
job02583	3-59/15 * * * *
job02584	3-59/15 * * * *
job02585	8 0 * * *
job02586	3-59/15 * * * *
job02587	4-59/5 * * * *
job02588	35 10 * * *
job02589	20-59/30 * * * *
job02590	55 * * * *
job02591	6 */4 * * *
job02592	3-59/15 * * * *
job02593	3-59/15 * * * *
job02594	3-59/15 * * * *
job02595	32 6 2 * *
job02596	3-59/15 * * * *
job02597	3-59/15 * * * *
job02598	7 * * * *
job02599	3-59/15 * * * *
job02600	3-59/15 * * * *
job02601	0 5 * * *
job02602	11 5 * * *
job02603	3-59/15 * * * *
job02604	15 * * * *
job02605	30 21 * * *
job02606	20-59/30 3-20 * * 1-5
job02607	0-59/10 * * * *
job02608	3-59/15 * * * *
job02609	1 10,15 1,2 * *
job02610	27 1,7,13,19 * * *
job02611	3-59/15 * * * *
job02612	0-59/10 * * * *
job02613	59 * * * *
job02614	0-59/10 * * * *
job02615	3-59/15 * * * *
job02616	3-59/15 * * * *
job02617	44 * * * *
job02618	41 19 * * 1-5
job02619	3-59/15 * * * *
job02620	20-59/30 * * * *
job02621	3-59/15 * * * *
job02622	3-59/15 * * * *
job02623	0-59/10 * * * *
job02624	34 * * * *
job02625	44 2 * * *
job02626	3-59/15 9-21 * * 0,6
job02627	3-59/15 * * * *
job02628	3-59/15 * * * *
job02629	2-59/15 * * * *
job02630	15 * * * *
job02631	3-59/15 * * * *
job02632	25 3 * * 0
job02633	48 5,11 * * 6
job02634	21-59/30 * * * *
job02635	3-59/15 * * * *
job02636	0-59/10 6-23 * * 0
job02637	3-59/15 * * * *
job02638	30 */4 * * *
job02639	21-59/30 3-21 * * 1-6
job02640	16 7 * * 2-6
job02641	31 * * * *
job02642	3-59/15 * * * *
job02643	4-59/5 * * * *
job02644	4-59/5 * * * *
job02645	39 5 * * 3
job02646	52 2 1 * *
job02647	4-59/5 * * * *
job02648	3-59/15 * * * *
job02649	24 * * * *
job02650	3-59/15 * * * *
job02651	18 * * * *
job02652	3-59/15 * * * *
job02653	39 * * * *
job02654	4 */4 * * *
job02655	3-59/15 * * * *
job02656	43 * * * *
job02657	*/13 * * * *
job02658	3-59/15 * * * *
job02659	3-59/15 * * * *
job02660	45 * * * *
job02661	33 * * * *
job02662	46 * * * *
job02663	3-59/15 * * * *
job02664	3-59/15 * * * *
job02665	40 2 * * 1-5
job02666	4-59/5 * * * *
job02667	12 * * * *
job02668	26 23 * * *
job02669	4-59/5 * * * *
job02670	34 * * * *
job02671	3-59/15 * * * *
job02672	33 * * * *
job02673	24 11 * * *
job02674	5 4 * * *
job02675	9 2 * * *
job02676	21-59/30 * * * *
job02677	15 8 * * *
job02678	3-59/15 * * * *
job02679	2-59/20 * * * *
job02680	30 5 * * 1-5
job02681	3-59/15 * * * *
job02682	4-59/5 * * * *
job02683	36 * * * *
job02684	0-59/10 * * * *
job02685	26 */4 * * *
job02686	4-59/5 * * * *
job02687	4-59/5 * * * *
job02688	41 3 3 * *
job02689	28 * * * *
job02690	15 * * * *
job02691	48 5,11 * * 6
job02692	4-59/5 * * * *
job02693	0-59/10 * * * *
job02694	4-59/5 * * * *
job02695	15 * * * *
job02696	4-59/15 * * * *
job02697	4-59/15 * * * *
job02698	4-59/15 * * * *
job02699	1 2-23/2 * * *
job02700	3-59/20 * * * 1-5
job02701	4-59/15 * * * *
job02702	4-59/5 * * * *
job02703	0-59/10 * * * *
job02704	4-59/15 * * * *
job02705	4-59/15 * * * *
job02706	45 3-19 * * *
job02707	4-59/15 * * * *
job02708	4-59/5 * * * *
job02709	4-59/15 * * * *
job02710	4-59/15 * * * *
job02711	19 */8 * * *
job02712	4-59/15 * * * *
job02713	4-59/15 * * * *
job02714	4-59/15 * * * *
job02715	17 9 * * *
job02716	4-59/15 * * * *
job02717	48 0 * * *
job02718	28 6 * * *
job02719	12 0 * * *
job02720	9 7 * * *
job02721	8 5 * * *
job02722	38 * * * *
job02723	0-59/10 * * * *
job02724	* * * * *
job02725	21-59/30 * * * *
job02726	4-59/15 * * * *
job02727	* * * * *
job02728	21-59/30 0,21,22,23 * * 0,1,2,3,5,6
job02729	4-59/15 * * * *
job02730	4-59/15 * * * 1-6
job02731	4-59/15 * * * *
job02732	4-59/5 * * * *
job02733	58 7,8,9,10,11,12,13,14,15,16,17,18 * * 2-6
job02734	21-59/30 * * * *
job02735	15 * * * *
job02736	4-59/15 * * * *
job02737	4-59/15 * * * *
job02738	45 * * * *
job02739	11 * * * *
job02740	56 * * * *
job02741	4-59/5 * * * *
job02742	4-59/15 * * * *
job02743	4-59/5 * * * *
job02744	39 5 * * *
job02745	18 * * * *
job02746	4-59/15 * * * *
job02747	4-59/15 * * * *
job02748	* * * * *
job02749	31 20 19 * *
job02750	51 */24 * * *
job02751	4-59/15 * * * *
job02752	10,40 * * * *
job02753	48 * * * *
job02754	4-59/15 * * * *
job02755	5 * * * *
job02756	4-59/5 * * * *
job02757	8 19 * * *
job02758	4-59/15 * * * *
job02759	0-59/10 * * * *
job02760	20 * * * *
job02761	43 * * * *
job02762	4-59/5 * * * *
job02763	4-59/5 * * * *
job02764	15 5 * * *
job02765	4-59/15 * * * *
job02766	4-59/5 * * * *
job02767	36 * * * *
job02768	4-59/15 * * * *
job02769	4-59/15 * * * *
job02770	9 0 * * *
job02771	4-59/15 * * * *
job02772	20 0 * * 2-6
job02773	4-59/20 * * * *
job02774	46 * * * *
job02775	10 14 * * 1-5
job02776	30 18 * * *
job02777	* * * * *
job02778	4-59/15 * * * *
job02779	4-59/5 * * * *
job02780	4-59/15 * * * *
job02781	* * * * *
job02782	28 8 * * *
job02783	* * * * *
job02784	4-59/15 * * * *
job02785	35 * * * *
job02786	21 7 * * 1
job02787	4-59/15 * * * *
job02788	4-59/15 * * * *
job02789	4-59/15 * * * *
job02790	22-59/30 * * * *
job02791	0-59/10 * * * *
job02792	36 */3 * * *
job02793	* * * * *
job02794	22-59/30 * * * *
job02795	36 7 * * *
job02796	4-59/15 * * * *
job02797	7 * * * *
job02798	21 2 * * 1
job02799	4-59/15 * * * *
job02800	4-59/15 * * * *
job02801	35 * * * *
job02802	4-59/5 * * * *
job02803	4-59/15 * * * *
job02804	4-59/5 * * * *
job02805	4-59/5 * * * *
job02806	36 2 * * *
job02807	2-59/15 * * * *
job02808	22-59/30 1-21 * * *
job02809	46 * * * *
job02810	4-59/15 * * * *
job02811	34 15 * * 1-6
job02812	40 0 * * *
job02813	24 * * * *
job02814	15 14 * * *
job02815	4-59/15 * * * *
job02816	4-59/15 * * * *
job02817	0-59/15 * * * *
job02818	4 * * * *
job02819	12 0 * * *
job02820	4-59/15 * * * *
job02821	22-59/30 * * * *
job02822	56 * * * *
job02823	48 2 * * *
job02824	4-59/15 * * * *
job02825	4-59/15 * * * *
job02826	9 * * * *
job02827	4-59/15 6-10 * * 1-5
job02828	28 22 * * *
job02829	9 0 * * *
job02830	53 13 * * 0
job02831	4-59/15 * * * *
job02832	4-59/5 * * * *
job02833	4-59/15 11-23 * * 1-5
job02834	4-59/15 * * * *
job02835	22-59/30 * * * *
job02836	44 6 * * *
job02837	30 9,22 * * *
job02838	6 * * * *
job02839	4-59/15 * * * 1-5
job02840	* * * * *
job02841	49 8 1 * *
job02842	0-59/10 * * * *
job02843	34 * * * *
job02844	4-59/15 * * * *
job02845	4 * * * *
job02846	4-59/15 * * * *
job02847	22-59/30 * * * *
job02848	0-59/10 * * * *
job02849	4-59/15 * * * *
job02850	4-59/15 * * * *
job02851	45 6 * * *
job02852	35 3 * * 1
job02853	4-59/15 * * * *
job02854	44 * * * *
job02855	25 8 * * *
job02856	4-59/15 * * * *
job02857	19 1 * * *
job02858	4-59/15 * * * *
job02859	4-59/5 1-6 * * *
job02860	4-59/15 * * * *
job02861	4-59/5 * * * *
job02862	4-59/15 * * * *
job02863	4-59/5 * * * *
job02864	4-59/15 * * * *
job02865	9 20 * * 1-5
job02866	1-59/10 * * * *
job02867	9 2 * * *
job02868	38 6 * * *
job02869	19 5 * * 1
job02870	34 */2 * * *
job02871	4-59/15 * * * *
job02872	4-59/15 * * * *
job02873	4-59/15 * * * *
job02874	4-59/15 * * * *
job02875	1-59/2 * * * *
job02876	4-59/15 * * * *
job02877	4-59/15 * * * *
job02878	25 * * * *
job02879	4-59/5 * * * *
job02880	1-59/10 * * * *
job02881	1-59/6 * * * *
job02882	47 2 2 * *
job02883	10 * * * *
job02884	27 */24 * * *
job02885	15 * * * *
job02886	22 6 * * 1
job02887	59 */4 * * *
job02888	4-59/5 8-20 * * *
job02889	18 13 * * 1
job02890	1 1 * * *
job02891	58 20 * * *
job02892	4-59/15 * * * *
job02893	4-59/15 * * * *
job02894	50 * * * *
job02895	41 0 * * 1-5
job02896	4-59/5 * * * *
job02897	5 0 * * *
job02898	45 * * * *
job02899	1-59/10 * * * *
job02900	1-59/10 * * * *
job02901	4-59/15 * * * *
job02902	53 * * * *
job02903	48 0 * * *
job02904	0,15,30,45 * * * *
job02905	4-59/15 * * * *
job02906	42 7 * * *
job02907	23-59/30 0,21,22,23 * * 0,1,2,3,5,6
job02908	4-59/15 * * * *
job02909	54 * * * *
job02910	21 */4 * * *
job02911	12 * * * *
job02912	4-59/15 * * * *
job02913	16 10 * * *
job02914	1-59/10 * * * *
job02915	4-59/15 * * * *
job02916	19 * * * *
job02917	4 0 * * *
job02918	4-59/15 * * * *
job02919	43 23 * * *
job02920	33 14 * * *
job02921	43 * * * *
job02922	4-59/5 * * * *
job02923	8 20 * * 2
job02924	4-59/15 * * * *
job02925	6 6,18 * * *
job02926	27 * * * *
job02927	7 3 * * *
job02928	4-59/15 * * * *
job02929	45 15 * * *
job02930	35 2 * * *
job02931	24 12 * * 0
job02932	4-59/15 * * * *
job02933	5-59/20 * * * 1-5
job02934	4-59/15 * * * *
job02935	4-59/5 * * * *
job02936	1-59/10 * * * *
job02937	56 9 * * *
job02938	15 * * * *
job02939	37 1 * * *
job02940	4-59/15 * * * *
job02941	23-59/30 3-21 * * *
job02942	37 0 1 * *
job02943	4-59/5 * * * *
job02944	4-59/15 * * * *
job02945	4-59/15 * * * *
job02946	4-59/15 4-23 * * *
job02947	57 6 * * 1
job02948	20 8 * * *
job02949	41 16 * * *
job02950	47 * * * *
job02951	4-59/15 * * * *
job02952	59 */4 * * *
job02953	30 17 * * *
job02954	34 * * * *
job02955	3-59/10 * * * *
job02956	4-59/15 * * * *
job02957	36 8 * * *
job02958	50 7 * * *
job02959	2-59/15 * * * *
job02960	40 2 * * *
job02961	4-59/15 * * * *
job02962	31 */8 * * *
job02963	4-59/10 * * * *
job02964	4-59/5 * * * *
job02965	27 6 * * 1
job02966	19 8 * * *
job02967	3 10 * * *
job02968	44 8 * * *
job02969	45 * * * *
job02970	21 11 * * *
job02971	13 8 1 * *
job02972	1-59/10 * * * *
job02973	25 * * * *
job02974	4-59/15 * * * *
job02975	15 * * * *
job02976	5-59/15 * * * *
job02977	0-59/4 * * * *
job02978	5-59/15 * * * *
job02979	5-59/15 * * * *
job02980	5 * * * *
job02981	16 */4 * * *
job02982	5-59/15 * * * *
job02983	5-59/15 * * * *
job02984	7 * * * *
job02985	5-59/15 * * * *
job02986	5-59/15 * * * *
job02987	29 * * * *
job02988	5-59/15 * * * *
job02989	5-59/15 * * * *
job02990	30 5 * * 1
job02991	5-59/15 * * * *
job02992	5-59/15 14-23 * * *
job02993	5-59/15 * * * *
job02994	24 * * * *
job02995	5-59/15 * * * *
job02996	16 */2 * * *
job02997	5-59/15 * * * *
job02998	5-59/15 6-22 * * *
job02999	4-59/5 * * * *
job03000	23-59/30 * * * *
job03001	5-59/15 * * * *
job03002	20 6 * * *
job03003	5-59/15 * * * *
job03004	5-59/15 * * * *
job03005	5-59/15 * * * *
job03006	8 */4 * * *
job03007	5-59/15 * * * *
job03008	5 13 * * *
job03009	50 * * * *
job03010	5-59/15 * * * *
job03011	39 6 * * *
job03012	44 * * * *
job03013	5-59/15 * * * *
job03014	*/16 * * * *
job03015	* * * * *
job03016	42 4 * * *
job03017	5-59/15 * * * *
job03018	5-59/15 * * * *
job03019	5-59/15 * * * *
job03020	5-59/15 * * * *
job03021	*/17 * * * *
job03022	37 18 * * *
job03023	3-59 * * * *
job03024	20 9 * * *
job03025	5-59/15 * * * *
job03026	3 5 * * *
job03027	30 1 * * *
job03028	45 * * * *
job03029	5-59/15 * * * *
job03030	51 * * * *
job03031	5-59/15 * * * *
job03032	28 16 * * *
job03033	5-59/15 * * * *
job03034	5-59/15 * * * *
job03035	23-59/30 * * * *
job03036	4-59/5 * * * *
job03037	1-59/10 * * * *
job03038	4-59/5 * * * *
job03039	1 */4 * * *
job03040	42 * * * *
job03041	48 4 * * *
job03042	30 10 3 * *
job03043	5-59/15 13-15 * * *
job03044	4-59/5 * * * *
job03045	30 22 * * 1-5
job03046	30 1 2 * *
job03047	15 * * * *
job03048	5-59/15 * * * *
job03049	5-59/15 * * * *
job03050	4-59/5 * * * *
job03051	*/16 * * * *
job03052	1-59/10 * * * *
job03053	1-59/10 * * * *
job03054	21 6 * * 5
job03055	1-59/10 * * * *
job03056	31 9 * * *
job03057	45 * * * *
job03058	26 */4 * * *
job03059	5-59/15 * * * *
job03060	5-59/15 * * * *
job03061	30 * * * *
job03062	32 7 * * *
job03063	5-59/15 * * * *
job03064	55 * * * *
job03065	46 6 * * 1
job03066	* * * * *
job03067	3 6 * * *
job03068	5-59/15 6-21 * * *
job03069	0-59/5 * * * *
job03070	5-59/15 * * * *
job03071	5-59/15 * * * *
job03072	48 6 * * *
job03073	5-59/15 * * * *
job03074	5-59/15 * * * *
job03075	5-59/15 * * * *
job03076	5-59/15 * * * *
job03077	5-59/15 * * * *
job03078	35 0 * * *
job03079	25 * * * *
job03080	1 * * * *
job03081	5-59/15 * * * *
job03082	15 * * * *
job03083	5-59/15 * * * *
job03084	0-59/5 * * * *
job03085	8 8 * * *
job03086	5-59/15 * * * *
job03087	5 * * * *
job03088	5-59/15 * * * *
job03089	5-59/15 * * * *
job03090	50 * * * *
job03091	* * * * *
job03092	15 * * * *
job03093	0-59/5 * * * *
job03094	59 * * * 1-5
job03095	5-59/15 * * * *
job03096	1-59/10 * * * *
job03097	5-59/15 * * * *
job03098	15 * * * *
job03099	5-59/15 * * * *
job03100	5-59/15 * * * *
job03101	5-59/15 * * * 1-6
job03102	48 6 * * *
job03103	0-59/5 * * * *
job03104	0-59/5 * * * *
job03105	8 18 * * *
job03106	54 * * * *
job03107	5-59/15 * * * *
job03108	5-59/15 * * * *
job03109	8 0 * * *
job03110	5-59/15 * * * *
job03111	5-59/15 * * * *
job03112	5-59/15 * * * *
job03113	5-59/15 7-21 * * 1-6
job03114	1-59/10 * * * *
job03115	5-59/15 * * * *
job03116	5-59/15 * * * *
job03117	0-59/5 * * * *
job03118	5-59/15 * * * *
job03119	* * * * *
job03120	54 * * * *
job03121	5-59/15 * * * *
job03122	22 */24 * * *
job03123	5-59/15 * * * *
job03124	5-59/15 * * * *
job03125	5-59/15 * * * *
job03126	57 * * * *
job03127	5-59/15 * * * *
job03128	30 5,11,17,23 * * *
job03129	1-59/10 * * * *
job03130	* * * * *
job03131	5-59/15 * * * *
job03132	57 2 * * *
job03133	16 * * * *
job03134	5-59/15 * * * *
job03135	5-59/15 * * * *
job03136	4 5 * * *
job03137	26 * * * *
job03138	23-59/30 * * * *
job03139	* * * * *
job03140	5-59/15 * * * *
job03141	5-59/15 * * * *
job03142	5-59/15 * * * *
job03143	5-59/15 * * * *
job03144	0-59/5 * * * *
job03145	23-59/30 0-14 * * *
job03146	5-59/15 * * * *
job03147	5-59/15 * * * *
job03148	8 4 * * *
job03149	38 8 * * *
job03150	12 * * * *
job03151	0-59/5 * * * *
job03152	54 14 * * *
job03153	45 * * * *
job03154	5-59/15 * * * *
job03155	1-59/10 0-20 * * 6
job03156	7 * * * *
job03157	15 * * * *
job03158	5-59/15 * * * *
job03159	45 8 * * 3
job03160	2 * * * *
job03161	58 4 * * *
job03162	51 * * * *
job03163	0-59/5 * * * *
job03164	2 1 * * *
job03165	5-59/15 * * * *
job03166	10 21 * * *
job03167	24-59/30 * * * *
job03168	5-59/15 * * * *
job03169	5-59/15 * * * *
job03170	58 16 * * *
job03171	5-59/15 * * * *
job03172	5-59/15 * * * *
job03173	5-59/15 * * * *
job03174	6-59/15 * * * *
job03175	0-59/5 0-20 * * 6
job03176	0-59/5 * * * *
job03177	6-59/15 * * * *
job03178	6-59/15 * * * *
job03179	4 1 * * *
job03180	30 * * * *
job03181	6-59/15 * * * *
job03182	23 * * * *
job03183	0-59/5 18-20 * * 0,1,2,3,4,5
job03184	44 7 2 * *
job03185	14 0 * * *
job03186	3 * * * *
job03187	6-59/15 * * * *
job03188	6 5,17 * * *
job03189	42 * * * *
job03190	0-59/5 * * * *
job03191	1-59/15 * * * *
job03192	49 9 * * *
job03193	37 * * * *
job03194	6-59/15 * * * 1-5
job03195	6-59/15 * * * *
job03196	6-59/15 * * * *
job03197	6-59/15 * * * *
job03198	46 * * * *
job03199	0-59/5 * * * *
job03200	46 3 * * *
job03201	2-59/10 * * * *
job03202	24-59/30 * * * *
job03203	6-59/15 * * * *
job03204	23 3 * * *
job03205	6-59/15 * * * *
job03206	23 6 * * 1
job03207	6-59/15 * * * *
job03208	54 21 * * 1
job03209	58 * * * *
job03210	0-59/5 * * * *
job03211	6-59/15 * * * *
job03212	15 * * * *
job03213	38 6 * * *
job03214	0-59/5 * * * *
job03215	6-59/15 * * * *
job03216	37 23 * * *
job03217	39 9 * * 4
job03218	15 19 * * 1-5
job03219	59 6 * * 1-5
job03220	39 * * * *
job03221	39 * * * *
job03222	35 10 * * *
job03223	6-59/15 * * * *
job03224	6-59/15 9-21 * * 0,6
job03225	47 * * * *
job03226	0-59/5 * * * *
job03227	55 0 * * *
job03228	6-59/15 * * * *
job03229	30 6 * * *
job03230	6-59/15 * * * *
job03231	6-59/15 * * * *
job03232	6-59/20 * * * *
job03233	47 20 * * *
job03234	37 6 * * 1
job03235	6-59/15 * * * *
job03236	8 6 * * 1
job03237	30 23 * * 1-5
job03238	25 13 * * *
job03239	6-59/15 * * * *
job03240	2-59/10 * * * *
job03241	6-59/15 * * * *
job03242	6-59/15 * * * *
job03243	2-59/6 * * * *
job03244	0-59/5 * * * *
job03245	0-59/5 * * * *
job03246	1-59/15 * * * *
job03247	42 */6 * * *
job03248	28 */4 * * *
job03249	6-59/15 * * * *
job03250	6-59/15 * * * *
job03251	6-59/15 * * * *
job03252	24-59/30 * * * *
job03253	6-59/15 * * * *
job03254	0-59/5 * * * *
job03255	24-59/30 * * * *
job03256	30 * * * *
job03257	2 3 * * 0
job03258	6-59/15 * * * *
job03259	53 * * * *
job03260	56 0 * * *
job03261	6-59/15 * * * *
job03262	36 14 * * 1
job03263	6-59/15 * * * *
job03264	6-59/15 * * * *
job03265	55 4 * * *
job03266	4 4 27 * *
job03267	0-59/5 * * * *
job03268	20 */4 * * *
job03269	20 9 * * 1
job03270	48 3 * * *
job03271	4,34 * * * *
job03272	8 */4 * * *
job03273	24-59/30 * * * *
job03274	6-59/15 * * * *
job03275	2-59/10 * * * *
job03276	30 5 * * 1
job03277	50 6 * * 1
job03278	6-59/15 * * * *
job03279	3-59/15 * * * 1-5
job03280	6-59/15 * * * *
job03281	6-59/15 * * * *
job03282	0-59/5 * * * *
job03283	4 6 * * *
job03284	15 * * * *
job03285	2-59/10 * * * *
job03286	6-59/15 * * * *
job03287	12 * * * *
job03288	45 22 * * 1-5
job03289	*/7 * * * *
job03290	0-59/5 * * * *
job03291	48 5,11 * * 6
job03292	37 5 * * 1
job03293	15 */4 * * *
job03294	6-59/15 * * * *
job03295	6-59/15 * * * *
job03296	25 14 * * 2
job03297	6-59/15 * * * *
job03298	6-59/15 * * * *
job03299	17 * * * *
job03300	6-59/15 * * * *
job03301	*/13 * * * *
job03302	6-59/15 * * * *
job03303	58 4 * * *
job03304	1 0 * * 1
job03305	34 4 * * *
job03306	7-59/20 * * * *
job03307	6-59/15 8 * * *
job03308	6-59/15 * * * *
job03309	32 3 * * *
job03310	57 6 * * *
job03311	0 6 * * 1
job03312	6-59/15 * * * *
job03313	0-59/5 * * * *
job03314	6-59/15 * * * *
job03315	19 1 * * *
job03316	6-59/15 * * * *
job03317	53 12 * * 1
job03318	6-59/15 * * * *
job03319	19 6 * * *
job03320	6-59/15 * * * *
job03321	3,18,33,48 * * * *
job03322	6-59/15 * * * *
job03323	6-59/15 * * * *
job03324	3-59/10 * * * *
job03325	0-59/5 * * * *
job03326	2-59/10 * * * *
job03327	6-59/15 * * * *
job03328	46 * * * *
job03329	24-59/30 7-22 * * *
job03330	15 * * * *
job03331	11 1 * * *
job03332	6-59/15 * * * *
job03333	6-59/15 * * * *
job03334	6-59/15 * * * *
job03335	40 */3 * * *
job03336	6-59/15 * * * *
job03337	45 15 * * *
job03338	40 */3 * * *
job03339	8-59/20 * * * *
job03340	0 3 * * 1
job03341	0-59/5 * * * *
job03342	44 * * * *
job03343	6-59/15 * * * *
job03344	6-59/15 * * * *
job03345	1-59/15 * * * *
job03346	20 16 * * *
job03347	6-59/15 * * * *
job03348	6-59/15 * * * *
job03349	30 * * * *
job03350	47 0 * * *
job03351	25-59/30 * * * *
job03352	44 7 * * *
job03353	32 * * * *
job03354	14 * * * *
job03355	46 14 * * 1
job03356	2 * * * *
job03357	15 7 * * *
job03358	41 6 * * *
job03359	* * * * *
job03360	58 */4 * * *
job03361	6-59/15 * * * *
job03362	6-59/15 * * * *
job03363	3 3 * * *
job03364	0-59/5 * * * *
job03365	2-59/10 * * * *
job03366	5 8 * * *
job03367	6-59/15 * * * *
job03368	25 0 * * *
job03369	6-59/15 * * * *
job03370	39 * * * *
job03371	46 3 * * *
job03372	6-59/15 * * * *
job03373	40 6 * * *
job03374	2 * * * *
job03375	37 0 * * *
job03376	* * * * *
job03377	42 6 * * *
job03378	6 20 * * *
job03379	0-59/5 8,9,10 * * *
job03380	6-59/15 * * * *
job03381	0-59/5 * * * *
job03382	6-59/15 * * * *
job03383	6-59/15 * * * *
job03384	0-59/5 * * * *
job03385	11 7 * * *
job03386	25-59/30 * * * *
job03387	6-59/15 * * * *
job03388	45 7 * * *
job03389	15 * * * *
job03390	48 5,11 * * 6
job03391	25-59/30 * * * *
job03392	6-59/15 * * * *
job03393	12 * * * *
job03394	6-59/15 * * * *
job03395	0-59/5 * * * *
job03396	59 18 * * *
job03397	6-59/15 * * * *
job03398	6-59/15 * * * *
job03399	6-59/15 * * * *
job03400	6-59/15 * * * *
job03401	6-59/15 * * * *
job03402	6-59/15 * * * *
job03403	43 5 1-7 * *
job03404	6-59/15 * * * *
job03405	46 * * * *
job03406	6-59/15 * * * *
job03407	21 6 * * *
job03408	44 6 * * *
job03409	6-59/15 * * * *
job03410	30 * * * *
job03411	2-59/10 * * * *
job03412	0 0 * * *
job03413	44 12 16 * *
job03414	2-59/10 * * * *
job03415	17 * * * *
job03416	6 6 * * *
job03417	6-59/15 * * * *
job03418	35 13 * * 0
job03419	49 1-15 * * *
job03420	15 * * * *
job03421	*/16 * * * *
job03422	6-59/15 * * * *
job03423	25-59/30 * * * *
job03424	47 * * * *
job03425	6-59/15 * * * *
job03426	2-58 * * * *
job03427	2-59/10 0-20 * * 6
job03428	53 10 * * 4
job03429	59 * * * *
job03430	54 4 * * 1
job03431	12 10 1 * *
job03432	53 6 * * 1
job03433	6-59/15 * * * *
job03434	6-59/15 * * * *
job03435	17 8 * * *
job03436	7 1 * * *
job03437	6-59/15 * * * *
job03438	7-59/15 * * * *
job03439	7-59/15 * * * *
job03440	13 */4 * * *
job03441	57 6 * * 1
job03442	0-59/5 * * * *
job03443	7-59/15 * * * *
job03444	7-59/15 * * * *
job03445	7-59/15 * * * *
job03446	25-59/30 * * * *
job03447	15 * * * *
job03448	7-59/15 * * * *
job03449	7-59/15 * * * *
job03450	7-59/15 * * * *
job03451	7-59/15 * * * *
job03452	30 * * * 3
job03453	3 * * * *
job03454	7-59/15 * * * *
job03455	28 6 * * 1
job03456	7-59/15 * * * *
job03457	7-59/15 * * * *
job03458	33 21 * * *
job03459	7-59/15 * * * *
job03460	7-59/15 * * * *
job03461	7-59/15 * * * *
job03462	20 22 * * 1-5
job03463	8 * * * *
job03464	15 7 * * *
job03465	11 * * * *
job03466	5 8 * * *
job03467	7-59/15 * * * *
job03468	58 * * * *
job03469	30 5 * * *
job03470	7-59/15 * * * *
job03471	56 0 * * *
job03472	3 */3 * * *
job03473	*/35 * * * *
job03474	10 * * * *
job03475	33 * * * *
job03476	7-59/15 * * * *
job03477	13 19 * * *
job03478	15 * * * *
job03479	27 5 * * *
job03480	47 * * * *
job03481	25-59/30 * * * *
job03482	7-59/15 * * * *
job03483	25 * * * *
job03484	0-59/5 * * * *
job03485	41 * * * *
job03486	7-59/15 * * * *
job03487	7-59/15 * * * *
job03488	7-59/15 * * * *
job03489	52 * * * *
job03490	2-59/10 * * * *
job03491	13 * * * *
job03492	44 7 1 * *
job03493	0-59/5 * * * *
job03494	7 */6 * * *
job03495	0-59/5 * * * *
job03496	8 5 * * *
job03497	14 * * * *
job03498	26-59/30 * * * *
job03499	7-59/15 * * * *
job03500	43 6 * * 1
job03501	4 4,5,6,7 * * *
job03502	40 12 * * *
job03503	7-59/15 * * * *
job03504	0-59/5 * * * *
job03505	35 6 1 * *
job03506	20 6 * * 1
job03507	7-59/15 * * * *
job03508	7-59/15 * * * *
job03509	46 * * * *
job03510	7-59/15 * * * *
job03511	7-59/15 * * * *
job03512	0-59/5 * * * *
job03513	54 * * * *
job03514	48 19 * * 1-6
job03515	7-59/15 * * * *
job03516	26-59/30 * * * *
job03517	0-59/5 * * * *
job03518	7 0 * * *
job03519	7-59/15 * * * *
job03520	1-59/15 * * * *
job03521	0-59/5 * * * *
job03522	0-59/5 * * * *
job03523	7-59/15 * * * *
job03524	0-59/5 * * * *
job03525	2-59/15 * * * *
job03526	0-59/5 * * * *
job03527	11 1 * * *
job03528	15 7 * * *
job03529	46 22 * * 1
job03530	38 8 * * *
job03531	6 4 * * *
job03532	7-59/15 1 * * *
job03533	7-59/15 * * * *
job03534	7-59/15 * * * *
job03535	13 */6 * * *
job03536	7-59/15 * * * *
job03537	7-59/15 * * * *
job03538	7-59/15 * * * *
job03539	22 14 * * *
job03540	*/33 * * * *
job03541	10 * * * *
job03542	* * * * *
job03543	7-59/15 * * * *
job03544	7-59/15 * * * *
job03545	2-59/10 * * * *
job03546	7-59/15 * * * *
job03547	7-59/15 * * * *
job03548	51 * * * *
job03549	7-59/15 * * * *
job03550	35 * * * *
job03551	0-59/5 * * * *
job03552	15 2 * * *
job03553	8 * * * *
job03554	15 * * * *
job03555	39 14,15 * * *
job03556	1-59/15 * * * *
job03557	26-59/30 * * * *
job03558	7-59/15 * * * *
job03559	7-59/15 * * * *
job03560	42 * * * *
job03561	2-59/10 * * * *
job03562	* * * * *
job03563	7-59/15 * * * *
job03564	7-59/15 * * * *
job03565	29 * * * *
job03566	10 * * * *
job03567	2-59/5 * * * *
job03568	9-59/20 * * * *
job03569	7-59/15 * * * *
job03570	7-59/15 * * * *
job03571	48 * * * *
job03572	2-59/10 * * * *
job03573	26-59/30 * * * *
job03574	7-59/15 * * * *
job03575	40 * * * *
job03576	0-10 0-5 * * *
job03577	7-59/15 * * * *
job03578	45 10 * * *
job03579	56 1 * * *
job03580	5 * * * *
job03581	45 * * * *
job03582	7-59/15 * * * *
job03583	11 * * * *
job03584	30 3 * * *
job03585	7-59/15 * * * *
job03586	3 3 * * 1
job03587	41 6 * * 1
job03588	2-59/10 5-23 * * 0
job03589	51 0 * * *
job03590	7-59/15 * * * *
job03591	12-59/15 * * * *
job03592	7-59/15 * * * *
job03593	7-59/15 * * * *
job03594	33 15 * * *
job03595	7-59/15 * * * *
job03596	26-59/30 * * * *
job03597	33 6 * * *
job03598	10 * * * *
job03599	49 1,7,13,19 * * *
job03600	7-59/15 * * * *
job03601	8 * * * *
job03602	45 6 * * 1
job03603	17 19 * * *
job03604	13 * * * *
job03605	0-59/5 * * * *
job03606	7-59/15 * * * *
job03607	59 6 * * 1
job03608	6 8 * * *
job03609	7-59/15 * * * *
job03610	7-59/15 * * * *
job03611	35 * * * *
job03612	10 * * * *
job03613	36 6 * * *
job03614	40 12 9 3 *
job03615	22 2 * * 1
job03616	50 6 * * *
job03617	7-59/15 * * * *
job03618	6 1 30 12 *
job03619	21 * * * *
job03620	7-59/15 * * * *
job03621	35 8 * * 1
job03622	25 * * * *
job03623	41 22 * * *
job03624	4-59/10 * * * *
job03625	58 5 1 * *
job03626	9 0 * * *
job03627	7-59/15 * * * *
job03628	7-59/15 * * * *
job03629	10 * * * *
job03630	17 2 * * *
job03631	23 9 * * *
job03632	7-59/15 * * * *
job03633	30 5 * * 1
job03634	7-59/15 * * * *
job03635	7-59/15 * * * *
job03636	2-59/10 * * * *
job03637	7-59/15 * * * *
job03638	6 6 * * *
job03639	7-59/15 * * * *
job03640	7-59/15 * * * *
job03641	26-59/30 * * * *
job03642	0-59/5 6-23 * * 1-5
job03643	7-59/15 * * * *
job03644	7-59/15 * * * *
job03645	7-59/15 * * * *
job03646	2 5 * * *
job03647	7-59/15 * * * *
job03648	27-59/30 * * * *
job03649	0-59/5 * * * *
job03650	7-59/15 * * * *
job03651	30 5 2 * *
job03652	27-59/30 * * * *
job03653	41 7 * * *
job03654	7-59/15 * * * *
job03655	7-59/15 1-17 * * 1-5
job03656	0-59/5 * * * *
job03657	1 * * * *
job03658	27-59/30 * * * *
job03659	0-59/5 * * * *
job03660	59 0 31 2 *
job03661	2-59/10 0-20 * * 6
job03662	0-59/5 * * * *
job03663	7-59/15 * * * *
job03664	9 * * * *
job03665	3-59/10 * * * *
job03666	58 10 * * *
job03667	9 */4 * * *
job03668	12 15 * * *
job03669	40 6 * * *
job03670	7-59/15 * * * *
job03671	17 6 * * 1
job03672	12 17 * * *
job03673	18 * * * *
job03674	7-59/15 * * * *
job03675	59 7 * * *
job03676	7-59/15 * * * *
job03677	59 6 * * *
job03678	12 6 * * 1
job03679	0-59/5 * * * *
job03680	0-59/5 * * * *
job03681	7-59/15 * * * *
job03682	3-59/5 * * * *
job03683	10 1 * * *
job03684	0-59/5 * * * *
job03685	20 * * * *
job03686	38 7 * * *
job03687	59 3 * * *
job03688	7-59/15 * * * *
job03689	40 2 * * 2-6
job03690	27-59/30 * * * *
job03691	47 * * * *
job03692	7-59/15 * * * *
job03693	30 5 * * 1
job03694	1 6,18 * * *
job03695	56 * * * *
job03696	7-59/15 * * * *
job03697	25 */2 * * *
job03698	7-59/15 * * * *
job03699	44 * * * *
job03700	41 9 * * *
job03701	16 1 * * *
job03702	38 0,9,12,15,18,21 * * *
job03703	4-59/10 * * * *
job03704	43 2 * * *
job03705	0-59/5 * * * *
job03706	29 * * * *
job03707	54 2,4 * * 2-6
job03708	8-59/15 * * * *
job03709	1 5 * * *
job03710	10 14 * * *
job03711	8-59/15 * * * *
job03712	38 0 * * *
job03713	3-59/10 * * * *
job03714	4-59/5 * * * *
job03715	8-59/15 * * * *
job03716	* * * * *
job03717	0-59/5 * * * *
job03718	23 * * * *
job03719	12 4 * * *
job03720	3-59/10 * * * *
job03721	2 * * * *
job03722	8-59/15 * * * *
job03723	45 9 * * *
job03724	7 */4 * * *
job03725	28 0 * * 6
job03726	8-59/15 * * * *
job03727	3-59/10 * * * *
job03728	8-59/15 * * * *
job03729	8-59/15 * * * *
job03730	45 * * * *
job03731	42 10 * * 1
job03732	31 18 * * *
job03733	58 0 * * *
job03734	15 1 * * *
job03735	3-59/10 * * * *
job03736	5 8 * * *
job03737	8-59/15 * * * *
job03738	15 * * * *
job03739	10-59/20 * * * *
job03740	8-59/15 * * * *
job03741	8-59/15 0-8,22-23 * * 1-6
job03742	8-59/15 * * * *
job03743	6 6 * * 1
job03744	49 6 * * *
job03745	11-59/20 * * * *
job03746	5 10 1 * *
job03747	27-59/30 * * * *
job03748	28 1 * * 1
job03749	7 * * * *
job03750	45 4 * * *
job03751	15 * * * *
job03752	5,35 * * * *
job03753	* * * * *
job03754	57 */24 * * *
job03755	38 0 * * *
job03756	15 * * * *
job03757	12-59/20 * * * *
job03758	23 14 * * *
job03759	53 * * * *
job03760	3-59/10 * * * *
job03761	8-59/15 * * * *
job03762	45 8 * * 5
job03763	8-59/15 * * * *
job03764	30 23 * * *
job03765	15 * * * *
job03766	45 23 * * 1-5
job03767	0-59/5 * * * *
job03768	*/9 * * * *
job03769	27-59/30 * * * *
job03770	* * * * *
job03771	23 6 * * 1
job03772	*/16 * * * *
job03773	15 * * * *
job03774	0-59/5 * * * *
job03775	3-59/10 * * * 1-5
job03776	8-59/15 * * * *
job03777	8-59/15 * * * *
job03778	3-59/10 * * * *
job03779	28-59/30 * * * *
job03780	13-59/20 * * * *
job03781	0-59/5 * * * *
job03782	9 6 * * *
job03783	57 * * * *
job03784	11 0 * * *
job03785	8-59/15 * * * 1-5
job03786	50 15 * * *
job03787	1 8 * * *
job03788	44 7 * * 2
job03789	46 9 * * *
job03790	8-59/15 * * * *
job03791	3-59/6 * * * *
job03792	7 * * * *
job03793	48 5,11 * * 6
job03794	12 * * * *
job03795	3-59/10 * * * 1-5
job03796	8-59/15 * * * *
job03797	2-59 * * * *
job03798	8-59/15 * * * *
job03799	8-59/15 * * * *
job03800	8-59/15 * * * *
job03801	8-59/15 * * * *
job03802	45 * * * *
job03803	7 * * * *
job03804	11 8 * * *
job03805	28-59/30 * * * *
job03806	28-59/30 0,21,22,23 * * 0,1,2,3,5,6
job03807	8-59/15 * * * *
job03808	8-59/15 * * * *
job03809	50 1 * * *
job03810	8-59/15 5-17 * * 0
job03811	35 * * * *
job03812	31 3 2 * *
job03813	18 * * * *
job03814	28-59/30 * * * *
job03815	0 * * * *
job03816	8-59/15 * * * *
job03817	57 7 * * 1
job03818	0 8 * * *
job03819	14 14 * * *
job03820	1-59/2 6-20 * * 1-6
job03821	8-59/15 * * * *
job03822	0-59/5 * * * *
job03823	8-59/15 * * * *
job03824	28-59/30 * * * *
job03825	* */5 * * *
job03826	* * * * *
job03827	0-59/5 * * * *
job03828	*/22 * * * *
job03829	0-59/5 * * * *
job03830	8-59/15 * * * *
job03831	45 1 * * *
job03832	30 15 * * 1-5
job03833	45 17 * * *
job03834	14-59/20 * * * *
job03835	0-59/5 * * * *
job03836	28 6 * * 1
job03837	34 8 * * *
job03838	22 6 * * 1,3,5
job03839	0-59/5 * * * *
job03840	0-59/5 * * * *
job03841	6 2 2 * *
job03842	8-59/15 * * * *
job03843	43 3 * * *
job03844	30 9 12-15 * *
job03845	7 * * * *
job03846	8 0 * * *
job03847	* * * * *
job03848	45 2 * * *
job03849	8-59/15 * * * *
job03850	44 9 * * *
job03851	8 0 2 * *
job03852	41 */3 * * *
job03853	12 * * * *
job03854	9 * * * *
job03855	8-59/15 * * * *
job03856	8-59/15 * * * *
job03857	34 0 * * *
job03858	0-59/5 * * * *
job03859	35 6 * * *
job03860	0-59/5 * * * *
job03861	8-59/15 * * * *
job03862	8-59/15 * * * *
job03863	2 9 * * *
job03864	8-59/15 * * * *
job03865	4 0 16 * *
job03866	15 * * * *
job03867	0-59/5 * * * *
job03868	8-59/15 * * * *
job03869	17 8 * * *
job03870	8-59/15 * * * *
job03871	15 6 * * *
job03872	35 8 * * *
job03873	8-59/15 * * * *
job03874	3-59/10 * * * *
job03875	8-59/15 * * * *
job03876	* * * * *
job03877	40 */24 * * *
job03878	8-59/15 * * * *
job03879	15 */8 * * *
job03880	8-59/15 * * * *
job03881	4-59/5 * * * *
job03882	8-59/15 * * * *
job03883	1-59/2 * * * *
job03884	8-59/15 * * * *
job03885	8-59/15 * * * *
job03886	*/16 * * * 1-5
job03887	14 6 * * 1
job03888	8-59/15 * * * *
job03889	8-59/15 * * * *
job03890	39 3 1 * *
job03891	8-59/15 * * * *
job03892	0-59/5 6-20 * * *
job03893	3-59/10 * * * *
job03894	8-59/15 * * * *
job03895	0-59/5 * * * *
job03896	8-59/15 * * * *
job03897	8-59/15 * * * *
job03898	33 * * * *
job03899	11 * * * *
job03900	47 * * * *
job03901	28-59/30 * * * *
job03902	8-59/15 * * * *
job03903	50 5 10 3 *
job03904	52 8 * * *
job03905	8-59/15 * * * *
job03906	29-59/30 * * * *
job03907	8-59/15 * * * *
job03908	38 18 * * *
job03909	1-59/15 * * * *
job03910	8-59/15 * * * *
job03911	8-59/15 * * * *
job03912	8-59/15 * * * *
job03913	59 * * * *
job03914	0-59/5 * * * *
job03915	8-59/15 * * * *
job03916	8-59/15 * * * *
job03917	12 3 * * *
job03918	16 * * * *
job03919	8-59/15 * * * *
job03920	51 * * * *
job03921	10 12 * * *
job03922	8-59/15 * * * *
job03923	0-59/5 8-20 * * *
job03924	17 */8 * * *
job03925	29 * * * *
job03926	43 7 * * 1
job03927	5 6 * * 1-5
job03928	24 * * * *
job03929	8-59/15 * * * *
job03930	17 * * * *
job03931	34 0 * * *
job03932	8-59/15 * * * *
job03933	13 * * * *
job03934	28 8 * * 1
job03935	8-59/15 * * * *
job03936	8-59/15 * * * *
job03937	0-59/5 * * * *
job03938	8-59/15 * * * *
job03939	29 10 * * *
job03940	3-59/10 * * * *
job03941	39 * * * 1
job03942	8-59/15 * * * *
job03943	18 * * * *
job03944	33 10 * * *
job03945	8-59/15 * * * *
job03946	15 * * * *
job03947	50 * * * *
job03948	26 6 * * *
job03949	25 * * * *
job03950	8-59/15 * * * *
job03951	29 14 * * *
job03952	3-59/10 * * * *
job03953	13 22 * * *
job03954	9 8 * * *
job03955	29-59/30 * * * *
job03956	51 * * * *
job03957	4-59/10 * * * *
job03958	15 5 * * *
job03959	* * * * *
job03960	5 * * * *
job03961	57 5 14-21 * *
job03962	29-59/30 0,21,22,23 * * 0,1,2,3,5,6
job03963	29-59/30 * * * *
job03964	8-59/15 * * * *
job03965	56 * * * *
job03966	29-59/30 * * * *
job03967	53 */4 * * *
job03968	3-59/10 * * * *
job03969	35 6 * * 1
job03970	8-59/15 * * * *
job03971	8-59/15 * * * *
job03972	8-59/15 * * * *
job03973	8-59/15 * * * *
job03974	3-59/10 * * * *
job03975	8-59/15 * * * *
job03976	5 8 * * *
job03977	43 2 * * *
job03978	8-59/15 * * * *
job03979	8-59/15 * * * *
job03980	8-59/15 * * * *
job03981	4-59/60 * * * *
job03982	38 7 * * *
job03983	15 * * * *
job03984	8-59/15 * * * *
job03985	29-59/30 * * * *
job03986	13 */6 * * *
job03987	24 9-19 * * 1-6
job03988	52 * * * *
job03989	56 6 * * *
job03990	8-59/15 * * * *
job03991	8-59/15 * * * *
job03992	8-59/15 * * * 1-6
job03993	4-59/6 * * * *
job03994	8-59/15 * * * *
job03995	26 22 * * *
job03996	0-59/5 * * * *
job03997	8-59/15 * * * 1-6
job03998	8-59/15 * * * *
job03999	8-59/15 * * * *
job04000	30 * * * *
