job_name	cron_schedule
job00001	0 */2 * * *
job00002	0 0 * * *
job00003	0-59/15 * * * *
job00004	0 17 * * *
job00005	0 * * * *
job00006	2-59/10 * * * *
job00007	*/15 * * * *
job00008	0 * * * *
job00009	*/5 * * * *
job00010	*/5 * * * *
job00011	0 0 * * *
job00012	*/15 * * * *
job00013	0 19 * * *
job00014	15 * * * *
job00015	*/30 * * * *
job00016	7 * * * *
job00017	*/5 * * * *
job00018	15 2 * * 1
job00019	0 * * * *
job00020	0 23 * * *
job00021	*/15 * * * *
job00022	*/5 * * * *
job00023	*/15 * * * *
job00024	0 * * * *
job00025	2-59/15 * * * *
job00026	0 7 * * *
job00027	3-59/10 * * * *
job00028	*/5 * * * *
job00029	0 6 1 * *
job00030	*/15 * * * *
job00031	0 6 * * *
job00032	*/15 * * * *
job00033	1 0-23 * * *
job00034	*/15 * * * *
job00035	*/5 * * * *
job00036	0 1 1 * *
job00037	1 6,18 * * *
job00038	2-59/15 * * * *
job00039	0 5 * * *
job00040	*/15 * * * *
job00041	*/5 * * * *
job00042	0 * * * *
job00043	0 9 1 * *
job00044	15 15 * * 1-5
job00045	*/15 * * * *
job00046	0 * * * *
job00047	*/30 * * * *
job00048	*/15 * * * *
job00049	*/30 * * * *
job00050	0 0 * * *
job00051	*/15 * * * *
job00052	*/5 * * * *
job00053	*/30 * * * *
job00054	*/5 * * * *
job00055	0 * * * *
job00056	0 * * * *
job00057	*/30 * * * *
job00058	*/15 * * * *
job00059	*/15 * * * *
job00060	3,18,33,48 * * * *
job00061	*/15 * * * *
job00062	0 * * * *
job00063	0 */12 * * *
job00064	*/15 * * * *
job00065	*/10 * * * 0-6
job00066	0 7 * * *
job00067	*/5 * * * *
job00068	*/15 * * * *
job00069	0 6 1 * *
job00070	*/15 * * * *
job00071	*/15 * * * *
job00072	*/15 * * * *
job00073	*/15 * * * *
job00074	*/60 * * * *
job00075	3 5-10 * * *
job00076	*/15 * * * *
job00077	*/10 * * * *
job00078	*/15 * * * *
job00079	*/15 * * * *
job00080	*/15 * * * *
job00081	0 16 * * *
job00082	*/15 * * * *
job00083	0 10 * * *
job00084	*/15 * * * *
job00085	*/15 * * * *
job00086	30 * * * *
job00087	*/15 * * * *
job00088	*/15 * * * *
job00089	*/15 * * * *
job00090	*/5 * * * *
job00091	0 * * * *
job00092	*/15 * * * *
job00093	0 23 * * *
job00094	* * * * *
job00095	0 * * * *
job00096	0 0 * * *
job00097	* * * * *
job00098	*/15 16-18 * * *
job00099	*/15 * * * *
job00100	*/15 * * * *
job00101	0 */4 * * *
job00102	*/30 * * * *
job00103	0 * * * *
job00104	18 * * * *
job00105	*/15 * * * *
job00106	*/15 * * * *
job00107	*/15 * * * *
job00108	*/10 * * * *
job00109	*/15 * * * *
job00110	*/15 * * * *
job00111	0 2 1 * *
job00112	0 * * * *
job00113	0 23 * * *
job00114	*/10 * * * *
job00115	*/15 * * * *
job00116	4-59/5 * * * *
job00117	*/15 * * * *
job00118	*/15 * * * *
job00119	*/15 * * * *
job00120	0 * * * *
job00121	0 9 * * *
job00122	*/15 * * * *
job00123	* * * * *
job00124	0 5 * * 1
job00125	*/30 * * * *
job00126	*/15 * * * *
job00127	*/15 * * * *
job00128	55 */4 * * *
job00129	0 * * * *
job00130	*/15 * * * *
job00131	0 1 * * *
job00132	*/15 * * * *
job00133	3 * * * *
job00134	0 * * * *
job00135	30 5 * * 1
job00136	*/15 * * * *
job00137	10 14 * * 1-5
job00138	0 0 1 * *
job00139	*/15 * * * *
job00140	*/15 * * * *
job00141	*/15 * * * *
job00142	33 * * * *
job00143	50 1 * * *
job00144	0 6 * * 1
job00145	*/30 * * * *
job00146	*/10 * * * *
job00147	15 * * * *
job00148	*/30 * * * *
job00149	0 0 * * *
job00150	*/4 * * * *
job00151	0 6 * * *
job00152	*/15 9-21 * * 0,6
job00153	*/5 * * * *
job00154	56 3 * * *
job00155	*/30 5-23 * * *
job00156	0 * * * *
job00157	*/5 * * * *
job00158	*/5 * * * *
job00159	*/5 * * * *
job00160	*/5 * * * *
job00161	0 6 * * *
job00162	5 9 * * *
job00163	*/15 * * * *
job00164	*/5 * * * *
job00165	* 6-21 * * *
job00166	* 8-17 * * 1-5
job00167	0 5 1 * *
job00168	*/15 * * * *
job00169	*/5 * * * *
job00170	*/15 * * * *
job00171	*/15 * * * *
job00172	*/15 * * * *
job00173	0 0 * * *
job00174	0 * * * *
job00175	*/30 * * * *
job00176	0 * * * *
job00177	*/15 * * * *
job00178	*/5 * * * *
job00179	*/15 * * * *
job00180	*/15 * * * *
job00181	*/15 * * * *
job00182	0 * * * *
job00183	0 8 * * *
job00184	*/15 * * * *
job00185	*/15 * * * *
job00186	*/15 * * * *
job00187	*/5 * * * *
job00188	0 */3 * * *
job00189	*/15 * * * *
job00190	*/15 * * * *
job00191	*/12 * * * *
job00192	*/10 * * * *
job00193	0 * * * *
job00194	*/15 * * * *
job00195	2 */4 * * *
job00196	*/15 * * * *
job00197	*/15 * * * *
job00198	1-59/15 * * * *
job00199	30 5 * * 1
job00200	*/15 * * * *
job00201	*/15 * * * *
job00202	0 * * * *
job00203	*/10 * * * *
job00204	*/10 0-20 * * 6
job00205	*/15 * * * *
job00206	0 0 * * 1
job00207	*/15 * * * *
job00208	0 7-17/2 * * 1-5
job00209	*/15 * * * *
job00210	0 4 * * *
job00211	*/15 * * * *
job00212	9 6 * * *
job00213	45 * * * *
job00214	*/15 01-17 * * 1-5
job00215	*/15 * * * *
job00216	*/30 * * * *
job00217	50 8,11 * * *
job00218	*/15 * * * *
job00219	0 */4 * * *
job00220	0 12 * * *
job00221	0 * * * *
job00222	*/5 * * * *
job00223	*/51 * * * *
job00224	*/5 */2 * * *
job00225	0 * * * *
job00226	0 18 * * *
job00227	*/15 * * * *
job00228	*/5 * * * *
job00229	0 18 * * *
job00230	0 * * * *
job00231	0 * * * *
job00232	* * * * *
job00233	0 3 1 * *
job00234	0 4,5,6,7 * * *
job00235	*/30 * * * *
job00236	*/5 * * * *
job00237	0 * * * *
job00238	*/10 * * * *
job00239	*/15 * * * *
job00240	*/5 * * * *
job00241	*/15 * * * *
job00242	*/15 * * * *
job00243	0 3 * * 3
job00244	7 12 * * *
job00245	*/20 * * * *
job00246	30 18 * * *
job00247	*/15 * * * *
job00248	* * * * *
job00249	0 5 * * *
job00250	*/15 * * * *
job00251	*/15 * * * *
job00252	*/5 * * * *
job00253	0 6 * * *
job00254	0 0 * * *
job00255	0 6 * * 1
job00256	*/5 * * * *
job00257	*/30 * * * *
job00258	0 * * * *
job00259	*/15 * * * *
job00260	*/15 * * * *
job00261	*/15 * * * *
job00262	0 */4 * * *
job00263	*/15 * * * *
job00264	*/5 * * * *
job00265	0 0 * * *
job00266	0 8 * * *
job00267	0 0 * * *
job00268	*/15 * * * *
job00269	0 * * * *
job00270	*/15 * * * *
job00271	*/5 * * * *
job00272	*/15 * * * *
job00273	*/15 * * * *
job00274	*/15 * * * *
job00275	45 * * * *
job00276	*/15 * * * *
job00277	00 20 * * *
job00278	0 2 * * *
job00279	*/5 * * * *
job00280	0 * * * *
job00281	0 5 * * *
job00282	0 0 * * *
job00283	0 9 1 * *
job00284	*/15 * * * *
job00285	*/30 * * * *
job00286	*/15 * * * *
job00287	*/15 * * * *
job00288	*/10 * * * *
job00289	*/5 * * * *
job00290	0 18 * * *
job00291	* * * * *
job00292	*/30 * * * *
job00293	*/30 * * * *
job00294	*/5 * * * *
job00295	1 * * * *
job00296	0 14 * * *
job00297	*/15 * * * *
job00298	*/15 * * * *
job00299	0 6 * * 1
job00300	*/15 * * * *
job00301	*/15 * * * 1-5
job00302	*/5 * * * *
job00303	*/10 * * * *
job00304	7 7-19 * * 1-6
job00305	*/15 * * * *
job00306	0 * * * *
job00307	15 * * * *
job00308	2-59/15 * * * *
job00309	*/5 * * * *
job00310	*/5 * * * *
job00311	*/15 * * * *
job00312	*/15 * * * *
job00313	0 * * * *
job00314	*/15 * * * *
job00315	0 4 * * *
job00316	*/15 * * * *
job00317	0 8-13 * * 1-6
job00318	2-59/15 * * * *
job00319	0 9 * * *
job00320	15 * * * *
job00321	30 5 * * 1
job00322	*/15 * * * *
job00323	*/15 * * * *
job00324	*/15 7-21 * * 1-6
job00325	0 8 * * *
job00326	0 0 * * *
job00327	15 * * * *
job00328	30 6 1 * *
job00329	*/30 * * * *
job00330	0 */2 * * *
job00331	*/10 * * * *
job00332	0 * * * *
job00333	40 16 9 3 *
job00334	*/15 * * * *
job00335	*/15 * * * *
job00336	0 22 * * *
job00337	*/15 * * * *
job00338	*/5 * * * *
job00339	3-59/5 * * * *
job00340	0 * * * *
job00341	0 0 1 * *
job00342	*/15 * * * *
job00343	*/5 * * * *
job00344	*/15 * * * *
job00345	*/15 * * * *
job00346	0 * * * *
job00347	*/15 * * * *
job00348	0 6 * * 3
job00349	*/30 * * * *
job00350	0 2 * * *
job00351	0 * * * *
job00352	0 2 * * *
job00353	7 * * * *
job00354	*/15 * * * *
job00355	*/15 * * * *
job00356	0 5 * * *
job00357	*/5 * * * *
job00358	25 6 * * 1,3
job00359	*/15 * * * *
job00360	*/5 * * * *
job00361	*/30 * * * *
job00362	*/15 * * * 1-6
job00363	*/15 * * * *
job00364	*/15 * * * *
job00365	0 4 * * *
job00366	*/15 * * * *
job00367	*/15 * * * *
job00368	* * * * *
job00369	*/15 * * * *
job00370	50 1 * * *
job00371	*/10 * * * 1-5
job00372	0 * * * *
job00373	*/15 * * * *
job00374	*/5 * * * *
job00375	*/2 * * * *
job00376	0 5 * * *
job00377	*/15 * * * *
job00378	0 9 * * *
job00379	30 * * * *
job00380	*/15 * * * *
job00381	*/15 * * * *
job00382	0 6 * * *
job00383	*/15 * * * *
job00384	*/15 * * * *
job00385	*/5 * * * *
job00386	*/15 * * * *
job00387	0 */2 * * *
job00388	*/15 * * * *
job00389	*/15 * * * *
job00390	0 6 * * 5
job00391	7 6 * * *
job00392	0 3 * * *
job00393	30 4 * * 1-6
job00394	*/30 * * * *
job00395	*/15 * * * *
job00396	*/15 * * * 1-6
job00397	0 2 * * *
job00398	*/15 * * * *
job00399	*/15 * * * 1-5
job00400	*/30 * * * *
job00401	*/5 * * * *
job00402	*/15 * * * *
job00403	*/15 * * * *
job00404	*/15 1-3 * * *
job00405	*/5 * * * *
job00406	0 * * * *
job00407	0 17 * * *
job00408	0 1 * * *
job00409	45 * * * *
job00410	*/15 * * * *
job00411	*/5 * * * *
job00412	*/10 * * * *
job00413	0 6,16 * * 1-5
job00414	*/15 * * * *
job00415	0 3 * * 0
job00416	0 0 1 * *
job00417	*/5 * * * *
job00418	*/15 * * * *
job00419	*/15 * * * *
job00420	*/5 * * * *
job00421	*/30 * * * *
job00422	0 18 * * *
job00423	0 17 * * 0
job00424	0 * * * *
job00425	*/15 * * * *
job00426	* * * * *
job00427	*/15 * * * *
job00428	0 * * * *
job00429	30 23,5,11,17 * * *
job00430	0 0 * * *
job00431	*/10 * * * *
job00432	*/10 * * * *
job00433	*/15 * * * *
job00434	*/5 * * * *
job00435	0 5 * * *
job00436	0 5 * * *
job00437	* * * * *
job00438	*/15 * * * *
job00439	*/5 * * * *
job00440	0 */4 * * *
job00441	*/15 * * * *
job00442	4-59/5 * * * *
job00443	*/30 * * * *
job00444	*/5 * * * *
job00445	*/10 * * * *
job00446	0 1,5,9,13,17,21 * * *
job00447	*/15 * * * *
job00448	*/15 * * * *
job00449	0 */4 * * *
job00450	*/15 * * * *
job00451	25 8 * * 0,3
job00452	*/15 14-23 * * *
job00453	0 * * * *
job00454	*/15 * * * *
job00455	*/15 * * * *
job00456	*/15 * * * *
job00457	*/15 * * * *
job00458	*/05 * * * *
job00459	*/5 * * * *
job00460	*/5 * * * *
job00461	*/2 * * * *
job00462	0 * * * *
job00463	*/15 * * * *
job00464	0 0 * * *
job00465	*/15 * * * *
job00466	3-59/15 * * * *
job00467	15 11 * * *
job00468	0 6 * * 1
job00469	*/15 * * * *
job00470	*/15 * * * *
job00471	5 8 * * *
job00472	*/15 * * * *
job00473	0 */4 * * *
job00474	*/15 * * * *
job00475	*/8 * * * *
job00476	0 * * * *
job00477	50 22 * * 1-5
job00478	*/15 * * * *
job00479	*/30 * * * *
job00480	*/22 * * * *
job00481	0 3 * * *
job00482	*/15 * * * *
job00483	0 * * * *
job00484	*/15 * * * *
job00485	0 9 * * *
job00486	0 6 * * *
job00487	*/15 1-23 * * *
job00488	*/15 * * * *
job00489	*/15 * * * *
job00490	*/5 * * * *
job00491	40 21 * * 1-5
job00492	*/15 * * * *
job00493	30 9 * * *
job00494	*/15 * * * *
job00495	0 * * * *
job00496	0 * * * 2
job00497	*/5 * * * *
job00498	*/60 * * * *
job00499	*/10 * * * *
job00500	*/5 * * * *
job00501	0 * * * *
job00502	*/10 * * * 1-5
job00503	30 5 * * *
job00504	0 * * * *
job00505	* * * * *
job00506	* * * * *
job00507	*/15 * * * *
job00508	0 * * * *
job00509	*/15 * * * *
job00510	*/15 * * * *
job00511	4-59/5 * * * *
job00512	0 * * * *
job00513	0 01-15 * * *
job00514	*/15 * * * *
job00515	10 * * * *
job00516	0 * * * *
job00517	46 4 * * *
job00518	*/15 * * * *
job00519	0 * * * *
job00520	0 3 * * *
job00521	0 12 * * *
job00522	0 0 * * *
job00523	*/5 * * * *
job00524	0 */4 * * *
job00525	* * * * *
job00526	0 0 * * *
job00527	0 */3 * * *
job00528	*/10 * * * *
job00529	*/5 * * * *
job00530	55 12 * * 1-6
job00531	*/15 * * * *
job00532	*/5 * * * *
job00533	*/15 * * * *
job00534	0 * * * *
job00535	0 * * * *
job00536	3,18,33,48 * * * *
job00537	0 1 * * *
job00538	0 * * * *
job00539	*/15 * * * *
job00540	0 * * * *
job00541	*/30 * * * *
job00542	*/15 * * * *
job00543	*/15 * * * *
job00544	0 3 2 * *
job00545	*/15 * * * *
job00546	0 22 * * *
job00547	*/60 * * * *
job00548	*/15 * * * *
job00549	30 0 * * *
job00550	30 * * * *
job00551	0 * * * *
job00552	0 6 * * 1,3
job00553	*/15 * * * *
job00554	0 7 * * *
job00555	15 * * * *
job00556	0 * * * *
job00557	*/16 * * * *
job00558	*/10 * * * *
job00559	*/15 * * * *
job00560	*/30 * * * *
job00561	*/15 * * * *
job00562	*/15 * * * *
job00563	0 18 * * *
job00564	0 * * * *
job00565	30 * * * *
job00566	*/30 * * * *
job00567	*/15 * * * *
job00568	*/5 * * * *
job00569	*/15 * * * *
job00570	*/15 * * * *
job00571	*/15 * * * *
job00572	0 * * * *
job00573	*/60 * * * *
job00574	0 3 1 * *
job00575	*/5 * * * *
job00576	*/5 * * * *
job00577	0 0 * * *
job00578	*/5 * * * *
job00579	6 * * * *
job00580	*/15 * * * *
job00581	0 */4 * * *
job00582	0 * * * *
job00583	*/15 * * * *
job00584	15 7 * * 1-5
job00585	*/15 * * * *
job00586	0 * * * *
job00587	0 * * * *
job00588	0 17 * * *
job00589	0 8 * * *
job00590	*/15 * * * *
job00591	*/15 * * * *
job00592	0 * * * *
job00593	7 7 * * 1
job00594	0 * * * *
job00595	0 3 * * *
job00596	*/5 * * * *
job00597	*/15 * * * *
job00598	*/5 * * * *
job00599	* * * * *
job00600	1-59/15 * * * *
job00601	*/10 * * * *
job00602	*/15 * * * *
job00603	*/15 * * * *
job00604	0 15 * * *
job00605	*/30 * * * *
job00606	*/15 * * * *
job00607	30 7 2 * *
job00608	*/15 * * * *
job00609	3 7 * * *
job00610	*/15 * * * *
job00611	*/30 * * * *
job00612	0 4 * * *
job00613	0 */2 * * *
job00614	0 * * * *
job00615	12 4 * * *
job00616	0 * * * *
job00617	*/15 * * * *
job00618	0 15 * * *
job00619	*/5 * * * *
job00620	0 * * * *
job00621	*/15 * * * *
job00622	*/15 * * * *
job00623	*/5 * * * *
job00624	*/30 * * * *
job00625	*/15 * * * *
job00626	*/15 * * * *
job00627	*/15 * * * *
job00628	0 * * * *
job00629	0 * * * *
job00630	30 * * * *
job00631	*/5 * * * *
job00632	0 * * * *
job00633	*/10 * * * *
job00634	*/5 * * * *
job00635	*/15 * * * *
job00636	*/15 * * * *
job00637	30 17 * * 0
job00638	*/15 * * * *
job00639	0 */2 * * *
job00640	*/15 * * * *
job00641	0 6 * * *
job00642	*/10 * * * *
job00643	0 23 * * *
job00644	0 * * * *
job00645	*/5 * * * *
job00646	0 0 * * *
job00647	*/10 * * * *
job00648	0 6 * * 1
job00649	*/15 * * * *
job00650	0 1 * * *
job00651	2-59 * * * *
job00652	0 0 * * *
job00653	0 22 17 * *
job00654	*/5 * * * *
job00655	0 9 * * 1
job00656	*/5 * * * *
job00657	30 0 * * 2-6
job00658	0 * * * *
job00659	0 1 1 * *
job00660	*/15 * * * *
job00661	*/10 * * * *
job00662	30 4 * * *
job00663	*/15 * * * *
job00664	1-59/15 * * * *
job00665	10 6 * * *
job00666	*/15 * * * *
job00667	7 * * * *
job00668	0 * * * *
job00669	0 2 * * *
job00670	*/15 * * * *
job00671	0 2 * * *
job00672	*/15 * * * *
job00673	*/10 * * * *
job00674	34 4,5 * * *
job00675	3 8,20 * * 0-6
job00676	10 6 * * 0,2,3,4,5,6
job00677	0 0 * * *
job00678	0 13 * * 1
job00679	*/15 * * * *
job00680	0 3 * * *
job00681	0 * * * *
job00682	41 18 * * *
job00683	*/15 * * * *
job00684	*/30 * * * *
job00685	*/15 * * * *
job00686	30 * * * *
job00687	*/15 * * * *
job00688	*/15 * * * *
job00689	0 * * * *
job00690	0 4 * * *
job00691	*/15 * * * *
job00692	*/10 * * * *
job00693	*/5 * * * *
job00694	0 0 31 2 *
job00695	0 9 * * *
job00696	*/15 * * * *
job00697	0 0 * * *
job00698	0 7 * * *
job00699	0 10 * * *
job00700	*/10 06-20 * * *
job00701	*/10 * * * *
job00702	*/15 * * * *
job00703	*/30 * * * *
job00704	*/15 * * * *
job00705	45 7 * * 3
job00706	*/5 * * * *
job00707	*/15 * * * *
job00708	0 0 * * *
job00709	20 6 * * 1,3
job00710	*/15 * * * *
job00711	*/30 * * * *
job00712	*/10 * * * *
job00713	0 6 * * 1
job00714	*/5 * * * *
job00715	*/15 * * * *
job00716	*/15 * * * *
job00717	* * * * *
job00718	*/13 * * * *
job00719	0 0 * * *
job00720	0 6 * * 1
job00721	*/15 * * * *
job00722	*/15 * * * *
job00723	*/15 * * * *
job00724	0 11 * * *
job00725	*/30 * * * *
job00726	*/30 * * * *
job00727	0 11 * * *
job00728	0 * * * *
job00729	*/10 * * * *
job00730	0 8 * * *
job00731	*/5 * * * *
job00732	*/15 * * * *
job00733	0 3 * * *
job00734	15 * * * *
job00735	0 6 * * 1
job00736	0 */3 * * *
job00737	0 * * * *
job00738	*/15 * * * *
job00739	*/30 * * * *
job00740	0 1 * * *
job00741	*/30 * * * *
job00742	0 7 * * *
job00743	0 * * * *
job00744	0 9 * * *
job00745	*/20 * * * *
job00746	*/5 * * * 1-5
job00747	0 4 * * *
job00748	0 * * * *
job00749	*/30 * * * *
job00750	*/15 * * * *
job00751	*/15 * * * *
job00752	*/5 * * * *
job00753	*/15 * * * *
job00754	*/15 * * * *
job00755	*/15 * * * *
job00756	*/15 * * * *
job00757	*/10 * * * *
job00758	*/15 * * * *
job00759	*/30 * * * *
job00760	*/5 08-20 * * *
job00761	0 8 * * *
job00762	*/5 * * * *
job00763	00 04 * * *
job00764	0 * * * *
job00765	*/15 * * * *
job00766	*/15 * * * *
job00767	*/20 * * * *
job00768	*/10 2-4 * * *
job00769	*/30 * * * *
job00770	0 14 * * *
job00771	0 */4 * * *
job00772	0 8 * * *
job00773	*/15 * * * *
job00774	*/30 * * * *
job00775	3 7 * * 1
job00776	* * * * *
job00777	*/10 * * * *
job00778	*/30 * * * *
job00779	*/5 * * * *
job00780	*/16 * * * 1-5
job00781	0 * * * *
job00782	30 12 1 * *
job00783	15 * * * *
job00784	*/15 * * * *
job00785	0 * * * *
job00786	*/15 * * * *
job00787	0 0 1 * *
job00788	3-59/10 8-20 * * *
job00789	30 22 * * 1-5
job00790	*/15 * * * *
job00791	0-59/15 * * * *
job00792	*/15 * * * *
job00793	0 4 * * *
job00794	0 0 2 * *
job00795	*/5 * * * *
job00796	*/15 * * * *
job00797	*/5 * * * *
job00798	*/15 * * * *
job00799	* * * * *
job00800	4 5 * * 1-5
job00801	*/15 * * * *
job00802	*/30 * * * *
job00803	0 14 * * *
job00804	*/5 * * * *
job00805	*/5 * * * *
job00806	40 21 * * 1-4
job00807	*/15 * * * *
job00808	0 6 * * *
job00809	7 10-17 * * 1-5
job00810	* 7-16 * * 1-5
job00811	*/10 * * * *
job00812	0 */24 * * *
job00813	2-59/15 * * * *
job00814	*/5 * * * *
job00815	*/15 7-20 * * *
job00816	0 12 * * *
job00817	*/15 * * * *
job00818	0 8 10 * *
job00819	0 0 * * *
job00820	*/15 * * * *
job00821	0 * * * *
job00822	0 * * * *
job00823	*/10 * * * *
job00824	*/5 * * * *
job00825	0 */4 * * *
job00826	0 0 * * *
job00827	*/15 * * * *
job00828	* * * * *
job00829	*/5 * * * *
job00830	0 8 * * *
job00831	*/5 * * * *
job00832	0 2 * * *
job00833	4-59/5 * * * *
job00834	0 */24 * * *
job00835	*/15 * * * *
job00836	0 * * * *
job00837	*/5 * * * *
job00838	*/15 * * * *
job00839	*/15 * * * *
job00840	*/15 * * * 1-6
job00841	*/15 * * * *
job00842	*/15 * * * *
job00843	*/5 * * * *
job00844	*/15 * * * *
job00845	*/15 * * * *
job00846	*/15 * * * *
job00847	*/15 * * * *
job00848	*/15 * * * *
job00849	*/5 * * * *
job00850	*/20 * * * *
job00851	5 * * * *
job00852	*/15 * * * *
job00853	*/15 * * * *
job00854	*/10 * * * *
job00855	30 4 * * *
job00856	*/10 * * * *
job00857	0 2 * * 1
job00858	*/5 * * * *
job00859	*/15 * * * *
job00860	*/15 * * * *
job00861	5 * * * *
job00862	0 * * * *
job00863	*/5 * * * *
job00864	0 * * * *
job00865	*/15 * * * *
job00866	*/5 * * * *
job00867	0 * * * *
job00868	*/30 3-23 * * *
job00869	29 18 * * *
job00870	0 2 * * 1
job00871	*/15 * * * *
job00872	* * * * *
job00873	*/15 * * * *
job00874	*/15 * * * *
job00875	*/15 * * * *
job00876	*/15 * * * *
job00877	0 * * * *
job00878	* * * * *
job00879	37 6 * * *
job00880	0 3 1 * *
job00881	0 17 * * *
job00882	*/10 * * * *
job00883	*/5 * * * *
job00884	*/30 * * * *
job00885	0 0 * * *
job00886	0 * * * *
job00887	*/15 * * * *
job00888	*/30 * * * *
job00889	4-59/5 * * * *
job00890	*/16 * * * *
job00891	*/15 * * * *
job00892	0 7 * * *
job00893	15 * * * *
job00894	*/5 * * * *
job00895	*/15 * * * *
job00896	*/15 * * * *
job00897	0 7 * * *
job00898	0 7 * * *
job00899	*/5 * * * *
job00900	0 1 * * 5
job00901	25 7 * * *
job00902	*/15 * * * *
job00903	*/15 * * * *
job00904	5 7 * * *
job00905	*/15 * * * *
job00906	15 * * * *
job00907	22 * * * *
job00908	*/10 * * * *
job00909	*/15 * * * *
job00910	*/15 * * * *
job00911	*/15 * * * *
job00912	22 9 * * *
job00913	*/15 * * * *
job00914	*/30 * * * *
job00915	0 */4 * * *
job00916	0 13 * * *
job00917	*/15 * * * *
job00918	*/30 9-22 * * *
job00919	5 * * * *
job00920	*/10 * * * *
job00921	*/15 * * * *
job00922	0 * * * *
job00923	*/5 * * * *
job00924	0 3 * * 2
job00925	*/15 * * * *
job00926	*/15 * * * *
job00927	0 0 1 * *
job00928	0 14 * * *
job00929	0 8 * * *
job00930	15 * * * *
job00931	*/15 * * * *
job00932	*/5 * * * *
job00933	0 * * * *
job00934	*/5 * * * *
job00935	0 11 * * *
job00936	*/5 * * * *
job00937	0 1 * * *
job00938	0 * * * *
job00939	0 0 * * *
job00940	*/30 * * * *
job00941	0 * * * *
job00942	*/15 * * * *
job00943	0 1 * * *
job00944	*/15 * * * *
job00945	0 * * * *
job00946	0 6 2 * *
job00947	*/15 * * * *
job00948	0 4 1 * *
job00949	3 * * * *
job00950	*/15 * * * *
job00951	*/15 * * * *
job00952	*/10 * * * *
job00953	0 * * * *
job00954	0 * * * *
job00955	0 6 * * 0
job00956	0 3 * * *
job00957	0 6 * * 1
job00958	2 0-23 * * *
job00959	*/15 * * * *
job00960	*/15 * * * *
job00961	0 8 * * *
job00962	*/15 * * * *
job00963	*/30 * * * *
job00964	*/10 * * * 1-5
job00965	*/30 * * * 1-5
job00966	30 7 1 * *
job00967	0 */24 * * *
job00968	*/5 * * * *
job00969	*/5 * * * *
job00970	*/15 * * * *
job00971	*/30 * * * 1-5
job00972	0 12 * * *
job00973	0 * * * *
job00974	*/15 * * * *
job00975	*/15 * * * *
job00976	0 10 * * *
job00977	*/15 * * * *
job00978	0-59/15 * * * *
job00979	* * * * *
job00980	0 7 * * *
job00981	0 * * * *
job00982	*/15 * * * *
job00983	0 * * * *
job00984	1-59/15 * * * *
job00985	*/10 * * * *
job00986	0 4 * * 1
job00987	*/15 * * * *
job00988	*/15 * * * *
job00989	*/15 * * * *
job00990	*/5 * * * *
job00991	*/30 * * * *
job00992	*/15 * * * *
job00993	15 * * * *
job00994	*/5 08-20 * * *
job00995	* * * * *
job00996	*/30 * * * *
job00997	0 * * * *
job00998	*/59 * * * *
job00999	0 * * * *
job01000	0 13 8 * *
job01001	0 7 * * *
job01002	0 2 * * 3
job01003	0 0 2 * *
job01004	*/15 * * * *
job01005	0 0 * * *
job01006	*/15 * * * *
job01007	*/30 * * * *
job01008	*/10 * * * *
job01009	*/10 * * * *
job01010	*/10 * * * *
job01011	0 0 * * *
job01012	*/30 * * * *
job01013	*/10 * * * *
job01014	*/15 * * * *
job01015	*/5 * * * *
job01016	*/20 * * * *
job01017	*/30 * * * *
job01018	21 * * * *
job01019	*/15 * * * *
job01020	0 0 * * *
job01021	2-59/15 * * * *
job01022	0 8 * * *
job01023	*/15 * * * *
job01024	5 06-18/2 * * 1-5
job01025	30 5 * * 1
job01026	*/5 * * * *
job01027	4-59/5 * * * *
job01028	30 1 * * *
job01029	* * * * *
job01030	*/20 * * * *
job01031	* * * * *
job01032	*/5 * * * *
job01033	0 0 * * *
job01034	0 12 * * *
job01035	0 1 * * *
job01036	0 8 * * *
job01037	*/15 * * * *
job01038	*/5 * * * *
job01039	0 15 * * *
job01040	*/10 * * * *
job01041	0 6 * * *
job01042	1-59/15 * * * *
job01043	*/5 * * * *
job01044	0 * * * *
job01045	0 8 * * *
job01046	*/15 16-18 * * *
job01047	0 9 1 * *
job01048	0 1 * * *
job01049	*/15 * * * *
job01050	*/5 * * * *
job01051	*/5 * * * *
job01052	30 11,16 * * *
job01053	*/15 * * * *
job01054	*/15 * * * *
job01055	3-59/15 * * * *
job01056	0 2 * * *
job01057	15 * * * *
job01058	2-59/15 * * * *
job01059	*/15 * * * *
job01060	*/15 * * * *
job01061	0 0 * * *
job01062	0 8 * * *
job01063	0 8 * * *
job01064	*/15 * * * *
job01065	*/5 * * * *
job01066	1 * * * *
job01067	*/15 * * * *
job01068	*/15 * * * *
job01069	*/15 * * * *
job01070	*/15 * * * *
job01071	0 * * * *
job01072	*/15 * * * *
job01073	*/15 * * * *
job01074	*/15 * * * *
job01075	*/5 * * * *
job01076	*/5 * * * *
job01077	*/15 * * * *
job01078	*/20 * * * *
job01079	0 16 * * *
job01080	*/15 * * * *
job01081	*/5 * * * *
job01082	*/2 * * * *
job01083	*/5 * * * *
job01084	0-59/15 * * * *
job01085	*/15 * * * *
job01086	0 11 * * 0
job01087	1 * * * *
job01088	*/15 * * * *
job01089	*/5 * * * *
job01090	*/15 * * * *
job01091	0 * * * *
job01092	0 * * * *
job01093	0 2 * * *
job01094	*/15 * * * *
job01095	*/15 * * * *
job01096	*/16 * * * *
job01097	0 * * * *
job01098	*/2 * * * *
job01099	0 * * * *
job01100	*/5 * * * *
job01101	0 * * * *
job01102	*/15 * * * *
job01103	*/5 * * * *
job01104	*/15 * * * *
job01105	*/15 * * * *
job01106	*/15 * * * *
job01107	0 0 * * *
job01108	*/15 * * * *
job01109	*/15 * * * *
job01110	0 13 * * *
job01111	*/15 * * * *
job01112	*/15 * * * *
job01113	*/5 * * * *
job01114	47 6-18 * * 2-6
job01115	*/15 * * * *
job01116	30 12 * * *
job01117	0 10 3 * *
job01118	*/30 * * * *
job01119	0 11 * * *
job01120	*/30 * * * *
job01121	*/15 * * * *
job01122	*/15 15-17 * * *
job01123	0 3 * * *
job01124	0 * * * *
job01125	0 7 * * *
job01126	*/15 * * * *
job01127	*/15 * * * *
job01128	0 18 * * *
job01129	0 * * * *
job01130	0 2 * * *
job01131	*/16 * * * 1-5
job01132	*/15 * * * *
job01133	*/5 * * * *
job01134	0 10 * * *
job01135	*/15 * * * *
job01136	*/10 * * * *
job01137	*/15 * * * *
job01138	15 * * * *
job01139	0 8 * * *
job01140	4-59/5 * * * *
job01141	45 * * * *
job01142	5 * * * *
job01143	*/15 * * * *
job01144	3 5 1 * *
job01145	0 */8 * * *
job01146	*/15 * * * *
job01147	*/10 * * * *
job01148	0 */2 * * *
job01149	33 3,9 * * *
job01150	0 2 * * *
job01151	*/30 * * * *
job01152	*/15 * * * *
job01153	0 */24 * * *
job01154	*/30 * * * *
job01155	5 5 * * 3
job01156	20 5 * * *
job01157	*/15 * * * *
job01158	*/15 * * * *
job01159	0 * * * *
job01160	*/15 * * * *
job01161	*/15 * * * *
job01162	*/30 * * * *
job01163	0 21 * * *
job01164	0 10 * * *
job01165	*/30 * * * *
job01166	*/17 * * * *
job01167	*/15 * * * *
job01168	*/15 * * * *
job01169	*/20 * * * *
job01170	0 10 * * 3
job01171	0 1 * * *
job01172	0 6 * * 1
job01173	10 * * * *
job01174	0 * * * *
job01175	0 1 * * *
job01176	45 14 * * 1-5
job01177	*/15 * * * *
job01178	*/15 * * * *
job01179	0 * * * *
job01180	*/5 * * * *
job01181	0 * * * *
job01182	*/7 * * * *
job01183	0 * * * *
job01184	*/30 * * * *
job01185	*/15 * * * *
job01186	0 * * * *
job01187	0 0 * * *
job01188	*/15 * * * *
job01189	*/15 * * * *
job01190	*/30 06-18 * * *
job01191	*/15 * * * *
job01192	*/15 * * * *
job01193	0 * * * *
job01194	0 1 * * *
job01195	*/5 * * * *
job01196	*/5 * * * *
job01197	0 */24 * * *
job01198	30 * * * *
job01199	*/5 * * * *
job01200	*/15 * * * *
job01201	*/15 * * * *
job01202	*/15 * * * *
job01203	1-59/15 * * * *
job01204	*/15 01-17 * * 1-5
job01205	*/10 * * * *
job01206	0 7 * * *
job01207	0 0 * * 0
job01208	50 1 * * *
job01209	30 3 * * *
job01210	0 1 * * *
job01211	*/15 * * * *
job01212	10 14 * * 1-7
job01213	4 0 * * 4
job01214	*/15 * * * *
job01215	30 * * * *
job01216	2-59/15 * * * *
job01217	18 6,20 * * *
job01218	*/15 * * * *
job01219	*/15 * * * *
job01220	*/15 * * * *
job01221	0 19 * * *
job01222	0 0 * * *
job01223	*/15 * * * *
job01224	11 6 * * *
job01225	*/15 * * * *
job01226	*/15 * * * *
job01227	*/5 * * * *
job01228	*/15 * * * *
job01229	33 4 * * *
job01230	0 15 * * *
job01231	*/15 * * * *
job01232	0 5 * * 1
job01233	*/5 * * * *
job01234	*/15 * * * 1-5
job01235	00 20 * * *
job01236	*/15 * * * *
job01237	* * * * *
job01238	*/15 * * * *
job01239	*/10 * * * *
job01240	*/15 * * * *
job01241	0 */4 * * *
job01242	0 4 * * *
job01243	0 */4 * * *
job01244	*/3 * * * *
job01245	*/15 * * * *
job01246	*/15 * * * *
job01247	*/15 * * * *
job01248	*/16 * * * *
job01249	* * * * *
job01250	*/5 * * * *
job01251	*/15 * * * *
job01252	0 * * * *
job01253	*/15 * * * *
job01254	*/15 * * * *
job01255	*/15 * * * *
job01256	*/5 * * * *
job01257	0 23 * * *
job01258	0 22 * * 0
job01259	0-59/60 * * * *
job01260	*/15 * * * *
job01261	*/15 * * * *
job01262	0 3 16-31,1-5 * *
job01263	30 * * * *
job01264	*/5 * * * *
job01265	*/15 * * * *
job01266	*/15 * * * *
job01267	0 * * * *
job01268	*/15 * * * *
job01269	15 * * * *
job01270	*/15 * * * *
job01271	6 6 * * *
job01272	0,30 * * * *
job01273	*/15 * * * *
job01274	0 6 1 * *
job01275	30 21 * * *
job01276	*/15 * * * *
job01277	0 * * * *
job01278	*/15 * * * *
job01279	0 */1 * * *
job01280	*/10 * * * *
job01281	0 0 * * 1-5
job01282	0 * * * *
job01283	*/10 * * * *
job01284	0 * * * *
job01285	0 * * * *
job01286	5 8-20/4 * * 1-5
job01287	0 8 * * *
job01288	*/15 * * * *
job01289	*/5 * * * *
job01290	*/5 * * * *
job01291	*/15 * * * 1-5
job01292	*/15 * * * *
job01293	*/15 * * * *
job01294	15 * * * *
job01295	*/15 * * * *
job01296	*/15 * * * *
job01297	30 5 * * *
job01298	*/5 * * * *
job01299	0 9 * * *
job01300	*/15 * * * *
job01301	0 7 * * *
job01302	*/15 * * * *
job01303	0 2 * * 1
job01304	0 0 * * *
job01305	* * * * *
job01306	*/15 * * * *
job01307	0 22 * * *
job01308	*/30 * * * *
job01309	1 8 * * *
job01310	0 14 * * *
job01311	0 * * * *
job01312	*/15 * * * *
job01313	*/15 * * * *
job01314	*/15 * * * *
job01315	*/15 * * * *
job01316	*/5 * * * *
job01317	*/15 * * * *
job01318	0 2 * * *
job01319	*/15 * * * *
job01320	* * * * *
job01321	*/15 * * * *
job01322	0 * * * *
job01323	0 22 * * 0
job01324	*/10 * * * *
job01325	45 * * * *
job01326	0 * * * *
job01327	*/6 * * * *
job01328	0 * * * *
job01329	*/15 * * * *
job01330	0 1 * * *
job01331	30 12,14,20 * * *
job01332	0 0 * * *
job01333	0 * * * *
job01334	0 * * * *
job01335	*/15 * * * *
job01336	*/15 * * * *
job01337	0 2 * * *
job01338	*/15 * * * *
job01339	*/15 * * * *
job01340	0 8 * * *
job01341	*/15 * * * *
job01342	*/15 * * * *
job01343	0 * * * *
job01344	*/15 * * * *
job01345	*/15 * * * *
job01346	30 2 * * *
job01347	40 8 * * *
job01348	*/15 * * * *
job01349	*/15 * * * *
job01350	0 3 * * *
job01351	*/15 * * * *
job01352	*/15 * * * *
job01353	*/15 * * * *
job01354	0 17 3 * *
job01355	*/15 * * * *
job01356	*/15 * * * *
job01357	2-59/20 * * * *
job01358	*/15 * * * *
job01359	*/15 * * * *
job01360	0 6 * * *
job01361	*/15 7-20 * * 1-6
job01362	*/15 * * * *
job01363	*/15 * * * *
job01364	*/5 * * * *
job01365	0 9 * * *
job01366	0 * * * *
job01367	*/15 * * * *
job01368	*/5 * * * *
job01369	15 * * * *
job01370	*/15 * * * *
job01371	22 * * * *
job01372	*/5 * * * *
job01373	*/15 * * * *
job01374	0 * * * *
job01375	5 */4 * * *
job01376	*/15 * * * *
job01377	21 6 * * *
job01378	0 2 * * *
job01379	*/15 * * * *
job01380	*/15 * * * *
job01381	0 */4 * * *
job01382	10 * * * 0-2,5-6
job01383	0 0 * * *
job01384	*/15 * * * *
job01385	0 8 * * *
job01386	48 5,11 * * 6
job01387	*/10 * * * *
job01388	55 7 * * 1
job01389	*/30 * * * *
job01390	* * * * *
job01391	4 8 * * *
job01392	*/15 * * * *
job01393	*/15 * * * *
job01394	15 8 * * 3
job01395	45 * * * *
job01396	15 * * * *
job01397	1-59/15 * * * *
job01398	*/30 * * * *
job01399	15 17 * * 1-5
job01400	0 * * * *
job01401	*/15 * * * *
job01402	*/15 * * * *
job01403	*/15 * * * *
job01404	*/5 * * * *
job01405	*/15 * * * *
job01406	0 0 * * *
job01407	0 8 * * *
job01408	0 14 * * *
job01409	0 * * * *
job01410	0 22 * * *
job01411	*/15 * * * *
job01412	*/15 * * * *
job01413	*/15 * * * *
job01414	*/15 * * * *
job01415	8,38 * * * *
job01416	45 * * * *
job01417	*/12 * * * *
job01418	*/5 * * * *
job01419	0 * * * *
job01420	*/15 * * * *
job01421	0 1 1 * *
job01422	*/30 * * * *
job01423	2-59/10 * * * *
job01424	*/15 * * * *
job01425	45 * * * *
job01426	0 * * * *
job01427	*/15 * * * *
job01428	2 * * * *
job01429	*/30 * * * *
job01430	0 * * * *
job01431	*/30 * * * *
job01432	*/30 * * * *
job01433	30 7 * * *
job01434	*/15 * * * *
job01435	*/15 * * * *
job01436	*/5 * * * *
job01437	*/15 * * * *
job01438	0 * * * *
job01439	*/15 * * * *
job01440	0 * * * *
job01441	0 * * * *
job01442	*/15 * * * *
job01443	*/15 * * * *
job01444	0 * * * *
job01445	*/15 * * * *
job01446	0 0 * * *
job01447	0 */24 * * *
job01448	*/15 * * * *
job01449	*/10 * * * *
job01450	0 * * * *
job01451	0 * * * *
job01452	*/15 * * * *
job01453	0 * * * *
job01454	*/5 * * * *
job01455	3 6 * * *
job01456	*/30 * * * *
job01457	*/5 * * * *
job01458	0 * * * *
job01459	*/15 * * * *
job01460	*/30 3-21 * * 1-6
job01461	*/15 * * * *
job01462	0 6 * * 1
job01463	3 */8 * * *
job01464	0 0 * * *
job01465	0 5 * * 0
job01466	*/15 * * * *
job01467	15 * * * *
job01468	*/15 * * * *
job01469	0 7 * * *
job01470	*/15 * * * *
job01471	0 23 * * *
job01472	*/15 * * * *
job01473	*/15 * * * *
job01474	*/15 * * * *
job01475	*/15 * * * *
job01476	0 * * * *
job01477	* * * * *
job01478	*/5 * * * *
job01479	*/15 * * * *
job01480	*/15 * * * *
job01481	*/30 * * * *
job01482	*/15 * * * *
job01483	*/30 * * * *
job01484	*/15 01-17 * * 1-5
job01485	*/15 * * * *
job01486	*/15 * * * *
job01487	12 6 01,16 * *
job01488	0 0,9,12,15,18,21 * * *
job01489	30 * * * *
job01490	*/15 * * * *
job01491	0 1 2 * *
job01492	1-59/15 * * * *
job01493	0 23 * * *
job01494	0 */4 * * *
job01495	0 2 1 * *
job01496	*/15 * * * *
job01497	0 9 * * 1
job01498	0 7 1 * *
job01499	*/15 * * * *
job01500	0 * * * *
job01501	*/5 * * * *
job01502	23 0 * * *
job01503	0 */12 * * *
job01504	*/30 * * * *
job01505	*/30 * * * *
job01506	*/30 * * * *
job01507	0 6 * * 1
job01508	*/10 * * * *
job01509	*/30 * * * *
job01510	*/5 * * * *
job01511	*/15 * * * *
job01512	*/17 * * * *
job01513	*/15 * * * *
job01514	*/5 * * * *
job01515	*/5 * * * *
job01516	0 * * * *
job01517	0 18 * * *
job01518	*/15 * * * *
job01519	*/15 * * * *
job01520	0 * * * *
job01521	40 */3 * * *
job01522	*/15 * * * *
job01523	0 0 * * *
job01524	0 13 * * *
job01525	*/15 * * * *
job01526	0 5 * * 1
job01527	*/15 * * * *
job01528	4-59/5 * * * *
job01529	*/15 * * * *
job01530	0 21 * * *
job01531	0 * * * *
job01532	0 * * * *
job01533	*/15 * * * *
job01534	*/15 * * * *
job01535	*/15 * * * *
job01536	0 5 * * *
job01537	*/15 * * * *
job01538	*/15 * * * *
job01539	*/15 * * * *
job01540	15 0 * * *
job01541	1 0-23 * * *
job01542	*/15 * * * *
job01543	*/15 * * * *
job01544	*/15 * * * *
job01545	*/30 * * * *
job01546	*/15 * * * *
job01547	30 21 * * *
job01548	*/3 * * * *
job01549	17 8 * * *
job01550	0 1 2 * *
job01551	0 0 * * *
job01552	*/15 * * * *
job01553	0 * * * *
job01554	0 * * * *
job01555	*/5 * * * *
job01556	*/5 * * * *
job01557	*/10 * * * *
job01558	*/15 * * * *
job01559	0 * * * *
job01560	*/30 7-22 * * *
job01561	4 * * * *
job01562	*/15 * * * *
job01563	*/5 * * * *
job01564	*/15 * * * *
job01565	*/15 * * * *
job01566	*/15 * * * *
job01567	30 * * * *
job01568	17 4 * * *
job01569	0 6 * * *
job01570	*/15 0-5,17-23 * * 0
job01571	*/15 * * * *
job01572	11 * * * *
job01573	*/30 * * * *
job01574	*/15 * * * *
job01575	*/15 * * * *
job01576	0 */3 * * *
job01577	*/5 * * * *
job01578	0 6 * * 1
job01579	0 6 * * 1
job01580	1 0-23 * * *
job01581	*/5 * * * *
job01582	*/5 * * * *
job01583	45 2 * * *
job01584	0 * * * *
job01585	0 * * * *
job01586	03 16 * * *
job01587	*/5 * * * *
job01588	45 * * * *
job01589	*/15 * * * *
job01590	0 * * * *
job01591	*/15 * * * *
job01592	*/10 * * * 1-5
job01593	*/15 * * * *
job01594	*/15 * * * *
job01595	*/15 * * * *
job01596	0 * * * *
job01597	0 * * * *
job01598	0 23 * * *
job01599	46 5 * * 2,5
job01600	*/15 * * * *
job01601	0 */24 * * *
job01602	0 10 1 * *
job01603	*/30 * * * *
job01604	3-59/30 * * * *
job01605	*/20 * * * *
job01606	*/5 * * * *
job01607	*/15 * * * *
job01608	*/5 * * * *
job01609	0 0 * * *
job01610	0 0 31 2 *
job01611	6 * * * *
job01612	*/5 * * * *
job01613	0 5 * * *
job01614	0 0 * * *
job01615	*/5 * * * *
job01616	0 3 * * *
job01617	*/5 * * * *
job01618	0 * * * *
job01619	*/10 * * * *
job01620	50 1 * * *
job01621	*/5 * * * *
job01622	*/30 7-21 * * 1-6
job01623	0 6 * * 1
job01624	0 * * * *
job01625	15 * * * *
job01626	0 */24 * * *
job01627	0 * * * *
job01628	*/15 * * * *
job01629	0 * * * *
job01630	*/30 * * * *
job01631	0 0 1 * *
job01632	41 3 * * *
job01633	0 0 1 * *
job01634	*/10 * * * *
job01635	*/15 * * * *
job01636	*/15 * * * *
job01637	*/5 * * * *
job01638	0 9 * * *
job01639	*/15 * * * *
job01640	*/5 * * * *
job01641	0 * * * *
job01642	*/15 * * * *
job01643	30 22 * * 1-5
job01644	*/15 * * * *
job01645	0 * * * *
job01646	*/15 * * * *
job01647	0 * * * *
job01648	*/15 * * * *
job01649	15 * * * *
job01650	7 8 * * 5,5
job01651	0 * * * *
job01652	*/15 * * * *
job01653	*/15 * * * *
job01654	*/5 * * * *
job01655	0 13 * * 1-6
job01656	* * * * *
job01657	0 * * * *
job01658	*/15 * * * *
job01659	*/5 * * * *
job01660	*/30 * * * *
job01661	*/15 * * * *
job01662	30 6 * * *
job01663	*/5 * * * *
job01664	*/15 * * * *
job01665	45 * * * *
job01666	0 8 * * *
job01667	0 4 * * *
job01668	*/5 * * * *
job01669	0 18 * * *
job01670	0 * * * *
job01671	*/15 * * * *
job01672	0 * * * *
job01673	30 15 * * *
job01674	*/30 * * * *
job01675	0 15 * * *
job01676	*/20 * * * *
job01677	0-59/15 * * * *
job01678	0 * * * *
job01679	*/15 * * * *
job01680	0 * * * *
job01681	30 */4 * * *
job01682	*/15 * * * *
job01683	0 * * * *
job01684	4-59/5 * * * *
job01685	*/5 * * * *
job01686	*/15 * * * *
job01687	*/15 * * * *
job01688	0 8 * * *
job01689	*/10 * * * *
job01690	0 */4 * * *
job01691	4,34 * * * *
job01692	*/10 * * * *
job01693	0 6 * * 2
job01694	*/5 * * * *
job01695	0 9 * * 1
job01696	0 7 2 * *
job01697	*/15 * * * *
job01698	0 1 * * *
job01699	*/15 * * * *
job01700	*/15 * * * *
job01701	0 * * * *
job01702	0 4 * * *
job01703	*/5 * * * *
job01704	*/15 * * * *
job01705	*/15 * * * *
job01706	*/15 * * * *
job01707	*/15 * * * *
job01708	0 * * * *
job01709	0 * * * 1
job01710	*/5 * * * *
job01711	*/15 * * * *
job01712	30 22 * * 1-5
job01713	10 * * * 0-2,5-6
job01714	*/15 * * * *
job01715	*/5 * * * *
job01716	*/15 * * * *
job01717	0 * * * *
job01718	30 1 * * *
job01719	*/15 * * * *
job01720	*/10 * * * *
job01721	0 22 * * *
job01722	*/15 * * * *
job01723	*/15 9-21 * * 0,6
job01724	* * * * *
job01725	30 8 * * 1-6
job01726	0 6 * * 1
job01727	0 17 * * 1-5
job01728	*/15 * * * *
job01729	*/5 * * * *
job01730	0 9 * * *
job01731	*/5 * * * *
job01732	*/5 * * * *
job01733	*/5 * * * *
job01734	11 * * * *
job01735	*/15 * * * *
job01736	*/15 * * * *
job01737	0 3 * * *
job01738	*/15 * * * *
job01739	0 6 * * 1
job01740	*/15 * * * *
job01741	*/15 * * * *
job01742	*/15 * * * *
job01743	*/5 * * * *
job01744	0 * * * *
job01745	6 12 * * *
job01746	0 0 * * 1
job01747	0 * * * *
job01748	30 * * * *
job01749	*/15 * * * *
job01750	0 6 * * 1
job01751	0 * * * *
job01752	7 7-19 * * 1-6
job01753	*/9 * * * *
job01754	*/15 * * * *
job01755	*/5 * * * *
job01756	*/15 * * * *
job01757	*/15 * * * *
job01758	*/15 * * * *
job01759	0 11 * * 1
job01760	*/5 * * * *
job01761	0 5 * * *
job01762	*/15 * * * 1-5
job01763	0 2 * * *
job01764	30 04 * * *
job01765	*/15 * * * *
job01766	45 2 * * *
job01767	*/15 * * * *
job01768	0 3 * * *
job01769	*/15 * * * *
job01770	*/15 * * * *
job01771	*/15 * * * *
job01772	* * * * *
job01773	*/15 * * * *
job01774	0 */1 * * *
job01775	0 5 * * *
job01776	*/15 * * * *
job01777	*/5 * * * *
job01778	0 * * * *
job01779	0 0 * * *
job01780	*/15 * * * *
job01781	*/15 * * * *
job01782	30 23 * * *
job01783	*/15 * * * *
job01784	0 8 * * *
job01785	11 * * * *
job01786	30 16 * * *
job01787	* * * * *
job01788	27 7 * * *
job01789	15 * * * *
job01790	45 * * * *
job01791	2 5 * * 5
job01792	0 23 * * *
job01793	0 10 * * 0
job01794	*/15 * * * *
job01795	0 18 * * *
job01796	*/15 * * * *
job01797	*/30 * * * *
job01798	35 6 * * *
job01799	*/15 * * * *
job01800	0 4-17 1,5,8,12,15,19,22,26,29 * *
job01801	*/5 * * * *
job01802	0 1 * * *
job01803	40 16 * * 0,2,3,4,5,6
job01804	*/15 * * * *
job01805	0 * * * *
job01806	4 20 * * *
job01807	*/15 * * * *
job01808	0 */2 * * *
job01809	*/15 * * * *
job01810	*/15 * * * *
job01811	*/5 * * * *
job01812	*/15 * * * *
job01813	*/5 * * * *
job01814	0 * * * *
job01815	0 10 * * *
job01816	0 8 * * 1
job01817	10 8 * * *
job01818	*/15 * * * *
job01819	*/15 * * * *
job01820	*/15 * * * *
job01821	*/15 * * * *
job01822	*/15 * * * *
job01823	*/5 * * * *
job01824	*/15 * * * *
job01825	0 * * * *
job01826	*/15 * * * *
job01827	*/15 * * * *
job01828	*/15 00-05 * * 2-5
job01829	*/30 * * * *
job01830	0 0 * * *
job01831	0 * * * *
job01832	0 0 1 * *
job01833	0 * * * *
job01834	*/15 * * * *
job01835	0 0 * * *
job01836	*/30 * * * *
job01837	0 * * * *
job01838	0 16 * * *
job01839	33 2 * * *
job01840	0 * * * *
job01841	0 9 * * *
job01842	*/15 * * * *
job01843	0 6 * * *
job01844	*/15 * * * *
job01845	*/30 * * * *
job01846	*/15 * * * *
job01847	30 * * * *
job01848	0 * * * *
job01849	3,18,33,48 * * * *
job01850	*/10 5-23 * * 0
job01851	0 7 * * *
job01852	0 * * * *
job01853	0 */4 * * *
job01854	* * * * *
job01855	*/30 * * * *
job01856	0 14 * * *
job01857	0 */6 * * *
job01858	6 7-21 * * *
job01859	*/15 * * * *
job01860	*/5 * * * *
job01861	*/30 * * * *
job01862	0 23 * * *
job01863	*/15 * * * *
job01864	*/30 * * * *
job01865	*/15 * * * *
job01866	0 0 * * *
job01867	*/15 * * * *
job01868	0 5 * * *
job01869	*/15 * * * *
job01870	*/30 * * * *
job01871	*/15 * * * *
job01872	15 * * * *
job01873	*/15 * * * *
job01874	0 * * * *
job01875	*/15 * * * *
job01876	4-59 * * * *
job01877	*/15 * * * *
job01878	*/16 * * * *
job01879	* * * * *
job01880	*/15 * * * *
job01881	0 * * * *
job01882	*/15 * * * *
job01883	*/15 * * * *
job01884	0 0 * * *
job01885	0 6 * * 1
job01886	*/30 * * * *
job01887	*/5 * * * *
job01888	0 12 * * *
job01889	*/15 * * * *
job01890	*/15 * * * *
job01891	0 10 1 * *
job01892	*/15 2-23 * * *
job01893	*/15 * * * *
job01894	*/5 * * * *
job01895	5 * * * *
job01896	59 2 * * 0
job01897	*/20 * * * *
job01898	5 23 * * *
job01899	*/15 * * * *
job01900	*/10 * * * *
job01901	*/15 * * * *
job01902	0 8 * * *
job01903	*/15 * * * *
job01904	* * * * *
job01905	*/15 * * * *
job01906	*/5 * * * *
job01907	*/5 * * * *
job01908	30 13 * * *
job01909	*/15 * * * *
job01910	*/15 * * * *
job01911	*/5 * * * *
job01912	*/15 * * * *
job01913	0 6 * * 1
job01914	*/15 * * * *
job01915	*/10 * * * *
job01916	*/5 * * * *
job01917	0 14 * * *
job01918	0 * * * *
job01919	*/15 * * * *
job01920	*/30 * * * *
job01921	*/15 * * * *
job01922	0 4,5,6,7 * * *
job01923	45 * * * *
job01924	30 * * * *
job01925	0 22 * * 1-5
job01926	0 */4 * * *
job01927	45 * * * *
job01928	0 6 * * 2
job01929	0 8 * * 1
job01930	*/20 * * * *
job01931	*/15 * * * *
job01932	*/5 * * * *
job01933	*/15 * * * *
job01934	*/5 * * * *
job01935	40 12 * * 1
job01936	0 * * * *
job01937	*/15 * * * *
job01938	0 6 * * *
job01939	50 22 * * 1-5
job01940	*/15 0-5 * * *
job01941	*/15 * * * *
job01942	0 * * * *
job01943	*/15 * * * *
job01944	*/2 * * * *
job01945	*/15 * * * *
job01946	*/5 * * * *
job01947	*/15 * * * *
job01948	*/30 * * * *
job01949	30 1 * * *
job01950	*/30 * * * *
job01951	*/15 * * * *
job01952	0 * * * *
job01953	*/30 * * * *
job01954	*/15 * * * *
job01955	28 5 * * *
job01956	0 22 * * *
job01957	0 22 * * *
job01958	0 4 * * 6
job01959	4 20 * * *
job01960	*/15 * * * *
job01961	4-59/5 * * * *
job01962	0 2 * * *
job01963	0 * * * *
job01964	*/15 * * * *
job01965	0 * * * *
job01966	*/15 * * * *
job01967	*/30 * * * *
job01968	0 2 * * *
job01969	7 5 * * *
job01970	*/15 * * * *
job01971	*/5 * * * *
job01972	*/10 * * * *
job01973	0 */4 * * *
job01974	* * * * *
job01975	0 7 * * *
job01976	45 * * * *
job01977	40 21 * * 1-5
job01978	*/15 * * * *
job01979	57 7,14 * * *
job01980	0 4 * * *
job01981	*/5 * * * *
job01982	*/15 * * * *
job01983	0 * * * *
job01984	1 6,14 * * *
job01985	0 8 * * *
job01986	*/15 * * * *
job01987	0 9 * * *
job01988	0 10 * * *
job01989	*/15 * * * *
job01990	0 * * * *
job01991	*/30 5-22 * * *
job01992	*/15 * * * *
job01993	0 * * * *
job01994	0 9 * * *
job01995	0 2 * * *
job01996	*/15 * * * *
job01997	36 * * * *
job01998	*/15 * * * *
job01999	1 8-23 * * *
job02000	0 2 * * *
job02001	0 * * * *
job02002	0 23 * * *
job02003	*/15 * * * *
job02004	*/15 * * * *
job02005	0 17 * * *
job02006	* * * * *
job02007	0 2 * * *
job02008	0 3 1 * *
job02009	*/5 * * * *
job02010	*/15 * * * *
job02011	*/15 * * * *
job02012	0 * * * *
job02013	0 2 * * *
job02014	*/15 * * * *
job02015	0 * * * *
job02016	0 * * * *
job02017	*/5 * * * *
job02018	*/15 * * * *
job02019	0 * * * *
job02020	3 * * * *
job02021	*/5 * * * *
job02022	*/15 * * * *
job02023	*/15 * * * *
job02024	*/5 * * * *
job02025	30 17 * * 0
job02026	0 0 * * *
job02027	*/15 * * * *
job02028	0 0 2 * *
job02029	*/15 * * * *
job02030	*/20 * * * *
job02031	*/5 * * * *
job02032	0 6 * * *
job02033	*/30 * * * *
job02034	30 5 * * 1
job02035	*/30 * * * *
job02036	*/15 * * * *
job02037	7 * * * *
job02038	*/10 * * * *
job02039	*/15 * * * *
job02040	*/15 * * * *
job02041	*/15 * * * *
job02042	0 * * * *
job02043	10 12 * * *
job02044	0 * * * *
job02045	0 9 * * *
job02046	*/15 * * * *
job02047	*/15 * * * *
job02048	*/10 * * * *
job02049	*/15 * * * *
job02050	0 * * * *
job02051	*/15 * * * *
job02052	*/1 * * * *
job02053	*/15 * * * *
job02054	0 * * * *
job02055	*/15 13-15 * * *
job02056	*/60 * * * *
job02057	4 0-21 * * *
job02058	41 18 * * *
job02059	*/5 3-20 * * 1-5
job02060	0 0 * * *
job02061	0 9 * * *
job02062	0 3 * * *
job02063	48 5,11 * * 6
job02064	*/15 * * * *
job02065	*/10 * * * *
job02066	*/5 * * * *
job02067	51 0 * * 6
job02068	*/5 * * * *
job02069	1-59/15 * * * *
job02070	1-59/15 * * * *
job02071	*/15 * * * *
job02072	0 * * * *
job02073	0 8 * * *
job02074	0 4 * * *
job02075	*/15 * * * *
job02076	*/15 * * * *
job02077	0 0 1 * *
job02078	0 1-5 * * *
job02079	*/15 * * * *
job02080	5 18 * * 0
job02081	15 * * * *
job02082	*/15 * * * *
job02083	*/15 * * * *
job02084	0 6 * * *
job02085	0 * * * *
job02086	0 * * * *
job02087	0 6 * * 1
job02088	3 * * * *
job02089	0 3 * * *
job02090	*/15 * * * *
job02091	0 * * * *
job02092	*/2 * * * 1
job02093	*/15 * * * *
job02094	0 14 * * *
job02095	*/15 * * * *
job02096	*/15 * * * *
job02097	0 * * * *
job02098	2-59/10 * * * *
job02099	*/15 * * * *
job02100	* * * * *
job02101	*/15 * * * *
job02102	*/15 * * * *
job02103	0 * * * *
job02104	0 5 * * *
job02105	*/10 * * * *
job02106	*/10 * * * *
job02107	00,30 * * * *
job02108	*/5 * * * *
job02109	0 10 * * 4
job02110	*/30 * * * *
job02111	0 * * * *
job02112	0 2 * * *
job02113	*/5 * * * *
job02114	*/5 * * * *
job02115	*/15 * * * *
job02116	*/7 * * * *
job02117	0 * * * *
job02118	0 8 * * 5
job02119	0 2 * * *
job02120	10 9 * * *
job02121	0 7 * * 1
job02122	15 * * * *
job02123	*/30 * * * *
job02124	0 * * * *
job02125	0 * * * *
job02126	*/15 * * * *
job02127	0 * * * *
job02128	0 21 * * *
job02129	*/30 * * * *
job02130	21 7 * * *
job02131	0 4 27 * *
job02132	*/15 * * * *
job02133	*/5 * * * *
job02134	0 4 * * *
job02135	*/15 * * * *
job02136	*/5 0-19,23 * * *
job02137	3 8 * * *
job02138	30 12 * * *
job02139	*/30 * * * *
job02140	*/5 * * * *
job02141	*/15 * * * *
job02142	*/15 1-3 * * *
job02143	30 21 * * *
job02144	0 1 * * *
job02145	*/15 * * * *
job02146	*/10 * * * *
job02147	*/10 * * * *
job02148	*/15 * * * *
job02149	0 0 * * *
job02150	*/5 * * * *
job02151	0 0 * * *
job02152	*/15 * * * *
job02153	*/10 * * * *
job02154	*/15 * * * *
job02155	*/15 * * * *
job02156	7 * * * *
job02157	*/5 * * * *
job02158	*/3 * * * *
job02159	*/15 * * * *
job02160	*/15 * * * *
job02161	46 10 * * *
job02162	*/15 * * * *
job02163	0 2 * * 1
job02164	*/30 * * * *
job02165	1-59/15 * * * *
job02166	0 5 * * *
job02167	*/15 * * * *
job02168	*/15 * * * *
job02169	0 7 * * *
job02170	0 * * * *
job02171	30 6 * * 1-5
job02172	*/15 * * * *
job02173	1-59/15 * * * *
job02174	0 2 * * *
job02175	0 0 2 * *
job02176	*/5 20-22 * * 6
job02177	*/15 * * * *
job02178	*/15 * * * *
job02179	0 3 * * *
job02180	*/30 * * * *
job02181	0 */6 * * *
job02182	1 6,18 * * *
job02183	*/15 * * * *
job02184	0 */4 * * *
job02185	0 * * * *
job02186	0 * * * *
job02187	1 * * * *
job02188	*/15 04-23,00 * * *
job02189	15 * * * *
job02190	0 0 * * 0
job02191	10 16-17 * * 1-2
job02192	*/30 * * * *
job02193	*/5 * * * *
job02194	*/30 * * * *
job02195	*/15 * * * *
job02196	*/5 * * * *
job02197	0 4 * * *
job02198	*/15 01-17 * * 1-5
job02199	0 * * * *
job02200	*/15 * * * *
job02201	0 */4 * * *
job02202	*/5 * * * *
job02203	0 8 * * *
job02204	0 * * * *
job02205	*/15 * * * *
job02206	*/15 * * * *
job02207	*/15 * * * *
job02208	*/5 * * * *
job02209	6 6 * * *
job02210	*/15 * * * *
job02211	0 * * * *
job02212	*/5 * * * *
job02213	*/15 6-23 * * 1-5
job02214	*/15 * * * *
job02215	*/10 * * * *
job02216	*/15 * * * *
job02217	15 * * * *
job02218	30 * * * *
job02219	*/15 * * * *
job02220	0 6 * * 1
job02221	*/5 * * * *
job02222	0 6,18 * * *
job02223	11 * * * *
job02224	*/10 * * * *
job02225	*/15 * * * *
job02226	*/15 * * * *
job02227	0 5 * * *
job02228	*/15 * * * *
job02229	1 7 * * 1
job02230	0 4 * * *
job02231	*/15 * * * *
job02232	*/5 * * * *
job02233	0 * * * *
job02234	* * * * *
job02235	0 */2 * * *
job02236	0 0 * * *
job02237	*/15 * * * *
job02238	4 6 * * 5
job02239	0 8 * * *
job02240	2 0-23 * * *
job02241	0 6 * * *
job02242	0 6 * * 1,3
job02243	*/15 * * * *
job02244	*/15 * * * *
job02245	0 * * * *
job02246	2-59/10 * * * *
job02247	*/20 * * * *
job02248	*/15 * * * *
job02249	*/15 * * * *
job02250	*/30 7-16 * * 1-5
job02251	*/15 * * * *
job02252	*/15 * * * *
job02253	*/15 * * * *
job02254	*/15 * * * *
job02255	9 * * * *
job02256	0 * * * *
job02257	0 * * * *
job02258	*/5 * * * *
job02259	*/15 * * * *
job02260	*/5 * * * *
job02261	0 * * * *
job02262	*/15 * * * *
job02263	0 2 * * *
job02264	*/15 * * * *
job02265	*/5 * * * *
job02266	0 1 * * *
job02267	*/5 * * * *
job02268	0 * * * *
job02269	*/15 * * * *
job02270	*/30 * * * *
job02271	*/15 * * * *
job02272	0 8 * * *
job02273	*/15 * * * *
job02274	* * * * *
job02275	0 * * * *
job02276	*/15 * * * *
job02277	0 10 * * 1
job02278	*/15 * * * *
job02279	0 * * * *
job02280	*/15 * * * *
job02281	*/5 * * * *
job02282	0 6 * * 1
job02283	0 0 * * *
job02284	*/15 * * * *
job02285	0 0 * * *
job02286	0 0 * * *
job02287	*/15 * * * *
job02288	*/15 * * * *
job02289	*/15 * * * *
job02290	*/15 * * * *
job02291	*/5 * * * *
job02292	11 5 * * *
job02293	0 7 * * *
job02294	*/15 * * * *
job02295	0 1 * * 1
job02296	*/5 * * * *
job02297	*/15 * * * *
job02298	0 15 * * *
job02299	*/15 3-20 * * 6,0
job02300	0 6 * * 1
job02301	22 0 * * *
job02302	* * * * *
job02303	0 13 * * *
job02304	*/15 * * * *
job02305	*/15 * * * *
job02306	0 2 * * *
job02307	0 0 31 2 *
job02308	*/5 * * * *
job02309	*/15 * * * *
job02310	*/15 * * * *
job02311	40 21 * * 1-5
job02312	0 12 * * *
job02313	*/5 * * * *
job02314	0 6 * * *
job02315	0 10 3 * *
job02316	*/5 * * * *
job02317	*/5 * * * *
job02318	0 * * * *
job02319	*/15 * * * *
job02320	0 */2 * * *
job02321	*/15 16-18 * * *
job02322	*/15 * * * *
job02323	0 0 * * *
job02324	15 * * * *
job02325	0 0-23 * * *
job02326	*/15 * * * *
job02327	*/15 * * * *
job02328	0 6 * * *
job02329	20 3 * * 1-5
job02330	45 2 * * *
job02331	*/5 * * * *
job02332	*/10 * * * *
job02333	0 * * * *
job02334	2-59/15 * * * *
job02335	*/15 * * * *
job02336	0 * * * *
job02337	*/15 * * * *
job02338	0 */24 * * *
job02339	2-59/15 * * * *
job02340	0 */4 * * *
job02341	0 23 * * *
job02342	*/15 * * * *
job02343	15 * * * *
job02344	0 * * * *
job02345	30 * * * *
job02346	*/15 * * * *
job02347	0 7 * * *
job02348	*/15 * * * *
job02349	0 */2 * * *
job02350	*/5 * * * *
job02351	0 6 * * 1
job02352	*/15 * * * *
job02353	0 12 * * *
job02354	0 1 * * *
job02355	*/15 * * * *
job02356	0 * * * *
job02357	0 6 * * 3
job02358	0 1 * * *
job02359	*/15 * * * *
job02360	*/15 * * * *
job02361	*/30 * * * *
job02362	0 3 * * 3
job02363	0 */4 * * *
job02364	15 * * * *
job02365	0 9 * * *
job02366	19 18 * * *
job02367	*/15 * * * *
job02368	*/10 * * * *
job02369	*/15 * * * *
job02370	*/15 * * * *
job02371	40 21 * * 1-5
job02372	0 */3 * * *
job02373	*/5 * * * *
job02374	0 9 * * *
job02375	0 * * * *
job02376	5,20,35,50 * * * *
job02377	0 20 * * *
job02378	0 * * * *
job02379	15 5 1-7,11 * *
job02380	16 1 * * *
job02381	0 * * * *
job02382	*/15 * * * *
job02383	45 16 * * *
job02384	0 * * * *
job02385	*/15 * * * *
job02386	0 0 1 * *
job02387	0 * * * *
job02388	0 */4 * * *
job02389	0 */4 * * *
job02390	0 5 * * *
job02391	*/15 * * * *
job02392	0 0 1 * *
job02393	*/15 * * * *
job02394	0 8 * * 1
job02395	*/5 * * * *
job02396	*/30 * * * *
job02397	*/15 * * * *
job02398	0 * * * *
job02399	*/5 * * * 1-5
job02400	*/5 08-20 * * *
job02401	*/50 6 * * *
job02402	*/10 * * * *
job02403	*/15 * * * *
job02404	*/15 * * * *
job02405	0 22 * * *
job02406	0 10 * * 1
job02407	0 6 * * *
job02408	30 * * * *
job02409	*/15 * * * *
job02410	0 * * * *
job02411	*/20 * * * 1-5
job02412	*/15 * * * *
job02413	*/5 * * * *
job02414	*/15 * * * *
job02415	* * * * *
job02416	26 2 2 * *
job02417	*/15 * * * *
job02418	*/5 * * * *
job02419	*/15 * * * *
job02420	0 * * * *
job02421	*/10 2-20 * * *
job02422	*/5 * * * *
job02423	0 * * * *
job02424	* * * * *
job02425	*/5 * * * *
job02426	*/10 * * * *
job02427	*/15 * * * *
job02428	0 * * * *
job02429	*/15 * * * *
job02430	0 0 * * *
job02431	*/15 * * * *
job02432	0 0 * * *
job02433	*/2 * * * *
job02434	4-59/5 * * * *
job02435	0 8 * * *
job02436	*/15 * * * *
job02437	30 6 * * 1-7
job02438	28 9 * * *
job02439	*/10 * * * *
job02440	*/15 * * * *
job02441	0 6 * * 1
job02442	*/15 * * * *
job02443	*/5 * * * *
job02444	0 8 * * *
job02445	*/15 * * * *
job02446	0 * * * *
job02447	*/15 * * * *
job02448	5 */6 * * *
job02449	0 * * * *
job02450	0 */24 * * *
job02451	5 8 * * *
job02452	*/15 * * * *
job02453	0 6 * * *
job02454	*/30 * * * *
job02455	* * * * *
job02456	*/15 * * * *
job02457	*/5 08-20 * * *
job02458	*/15 * * * *
job02459	0 2 * * *
job02460	0 6 * * 1
job02461	0 */4 * * *
job02462	*/30 1-21 * * *
job02463	0 6 * * *
job02464	*/15 * * * *
job02465	0 5 10 3 *
job02466	0 12 * * *
job02467	0 23 * * 1-5
job02468	*/15 * * * *
job02469	*/15 * * * *
job02470	0 6 * * *
job02471	0 * * * *
job02472	0 * * * *
job02473	*/10 * * * *
job02474	*/15 * * * *
job02475	*/15 * * * *
job02476	*/15 * * * *
job02477	*/15 * * * *
job02478	0 15 * * *
job02479	*/10 * * * *
job02480	0 15 * * 1
job02481	*/15 * * * *
job02482	*/15 * * * *
job02483	30 * * * *
job02484	0 23 * * *
job02485	0 * * * *
job02486	*/15 * * * *
job02487	*/15 * * * *
job02488	*/15 * * * *
job02489	30 9 * * *
job02490	*/5 * * * *
job02491	0 9 * * 1-7
job02492	*/10 * * * *
job02493	*/15 * * * *
job02494	0 */4 * * *
job02495	0 * * * *
job02496	1-59/30 * * * *
job02497	*/15 * * * *
job02498	*/15 * * * *
job02499	*/15 * * * *
job02500	0 9 * * *
job02501	0 0 * * *
job02502	*/30 * * * *
job02503	* * * * *
job02504	*/15 * * * *
job02505	0 6 * * 1
job02506	*/15 * * * *
job02507	*/15 * * * *
job02508	0 0 1 * *
job02509	*/15 * * * *
job02510	0 5 * * *
job02511	*/10 * * * *
job02512	*/15 * * * *
job02513	10 6 * * 0,2,3,4,5,6
job02514	4 * * * *
job02515	0 15 * * *
job02516	0 * * * *
job02517	*/15 * * * *
job02518	*/15 * * * *
job02519	*/15 * * * *
job02520	*/15 * * * *
job02521	*/30 * * * *
job02522	*/15 01-17 * * 1-5
job02523	*/15 * * * *
job02524	0 0 31 2 *
job02525	*/5 * * * *
job02526	*/5 * * * *
job02527	*/15 * * * *
job02528	*/10 * * * *
job02529	*/30 * * * *
job02530	0 4 * * *
job02531	0 * * * *
job02532	0 5 * * *
job02533	0 * * * *
job02534	0 * * * *
job02535	*/15 * * * *
job02536	0 * * * *
job02537	*/30 * * * *
job02538	*/15 01-17 * * 1-5
job02539	0 2 * * *
job02540	*/5 * * * *
job02541	0 * * * *
job02542	*/15 * * * *
job02543	*/30 * * * *
job02544	*/5 * * * *
job02545	*/10 * * * *
job02546	*/15 * * * *
job02547	* * * * *
job02548	0 * * * *
job02549	10 4 * * 1-5
job02550	0 5 * * *
job02551	0 2 * * 1
job02552	*/15 * * * 1-5
job02553	0 * * * *
job02554	*/15 * * * *
job02555	*/15 * * * *
job02556	0 0 * * *
job02557	*/30 * * * *
job02558	0 * * * *
job02559	*/15 * * * *
job02560	0 6 * * 1
job02561	37 7 * * 1
job02562	0 01-15 * * *
job02563	0 * * * *
job02564	*/5 * * * *
job02565	0 9 * * 0
job02566	0 1 * * *
job02567	*/15 * * * *
job02568	*/10 * * * *
job02569	*/15 * * * *
job02570	0 18 * * *
job02571	*/15 * * * *
job02572	*/15 * * * *
job02573	0 4 * * 0
job02574	*/15 * * * *
job02575	30 2 * * *
job02576	*/15 * * * *
job02577	*/15 * * * *
job02578	*/15 * * * *
job02579	0 */4 * * *
job02580	0 */4 * * *
job02581	*/5 * * * *
job02582	1 5 * * 2
job02583	*/15 * * * *
job02584	*/15 * * * *
job02585	0 0 * * *
job02586	*/15 * * * *
job02587	*/5 * * * *
job02588	0 10 * * *
job02589	*/30 * * * *
job02590	0 * * * *
job02591	0 */4 * * *
job02592	*/15 * * * *
job02593	*/15 * * * *
job02594	*/15 * * * *
job02595	0 6 2 * *
job02596	*/15 * * * *
job02597	*/15 * * * *
job02598	7 * * * *
job02599	*/15 * * * *
job02600	*/15 * * * *
job02601	0 5 * * *
job02602	0 5 * * *
job02603	*/15 * * * *
job02604	15 * * * *
job02605	30 21 * * *
job02606	*/30 3-20 * * 1-5
job02607	*/10 * * * *
job02608	*/15 * * * *
job02609	1 10,15 1,2 * *
job02610	0 1,7,13,19 * * *
job02611	*/15 * * * *
job02612	*/10 * * * *
job02613	0 * * * *
job02614	*/10 * * * *
job02615	*/15 * * * *
job02616	*/15 * * * *
job02617	0 * * * *
job02618	00 19 * * 1-5
job02619	*/15 * * * *
job02620	*/30 * * * *
job02621	*/15 * * * *
job02622	*/15 * * * *
job02623	*/10 * * * *
job02624	0 * * * *
job02625	0 2 * * *
job02626	*/15 9-21 * * 0,6
job02627	*/15 * * * *
job02628	*/15 * * * *
job02629	2-59/15 * * * *
job02630	15 * * * *
job02631	*/15 * * * *
job02632	0 3 * * 0
job02633	48 5,11 * * 6
job02634	*/30 * * * *
job02635	*/15 * * * *
job02636	*/10 6-23 * * 0
job02637	*/15 * * * *
job02638	30 */4 * * *
job02639	*/30 3-21 * * 1-6
job02640	0 7 * * 2-6
job02641	0 * * * *
job02642	*/15 * * * *
job02643	*/5 * * * *
job02644	*/5 * * * *
job02645	0 5 * * 3
job02646	0 2 1 * *
job02647	*/5 * * * *
job02648	*/15 * * * *
job02649	0 * * * *
job02650	*/15 * * * *
job02651	18 * * * *
job02652	*/15 * * * *
job02653	0 * * * *
job02654	0 */4 * * *
job02655	*/15 * * * *
job02656	0 * * * *
job02657	*/13 * * * *
job02658	*/15 * * * *
job02659	*/15 * * * *
job02660	45 * * * *
job02661	0 * * * *
job02662	0 * * * *
job02663	*/15 * * * *
job02664	*/15 * * * *
job02665	40 2 * * 1-5
job02666	*/5 * * * *
job02667	0 * * * *
job02668	0 23 * * *
job02669	*/5 * * * *
job02670	0 * * * *
job02671	*/15 * * * *
job02672	0 * * * *
job02673	0 11 * * *
job02674	0 4 * * *
job02675	0 2 * * *
job02676	*/30 * * * *
job02677	15 8 * * *
job02678	*/15 * * * *
job02679	*/20 * * * *
job02680	30 5 * * 1-5
job02681	*/15 * * * *
job02682	*/5 * * * *
job02683	0 * * * *
job02684	*/10 * * * *
job02685	0 */4 * * *
job02686	*/5 * * * *
job02687	*/5 * * * *
job02688	0 3 3 * *
job02689	0 * * * *
job02690	15 * * * *
job02691	48 5,11 * * 6
job02692	*/5 * * * *
job02693	*/10 * * * 0-6
job02694	*/5 * * * *
job02695	15 * * * *
job02696	*/15 * * * *
job02697	*/15 * * * *
job02698	*/15 * * * *
job02699	1 2-23/2 * * *
job02700	*/20 * * * 1-5
job02701	*/15 * * * *
job02702	*/5 * * * *
job02703	*/10 * * * *
job02704	*/15 * * * *
job02705	*/15 * * * *
job02706	45 3-19 * * *
job02707	*/15 * * * *
job02708	*/5 * * * *
job02709	*/15 * * * *
job02710	*/15 * * * *
job02711	0 */8 * * *
job02712	*/15 * * * *
job02713	*/15 * * * *
job02714	*/15 * * * *
job02715	0 9 * * *
job02716	*/15 * * * *
job02717	0 0 * * *
job02718	0 6 * * *
job02719	0 0 * * *
job02720	9 7 * * *
job02721	8 5 * * *
job02722	0 * * * *
job02723	*/10 * * * *
job02724	* * * * *
job02725	*/30 * * * *
job02726	*/15 * * * *
job02727	* * * * *
job02728	*/30 21,22,23,0 * * 0,1,2,3,5,6
job02729	*/15 * * * *
job02730	*/15 * * * 1-6
job02731	*/15 * * * *
job02732	*/5 * * * *
job02733	0 7,8,9,10,11,12,13,14,15,16,17,18 * * 2-6
job02734	*/30 * * * *
job02735	15 * * * *
job02736	*/15 * * * *
job02737	*/15 * * * *
job02738	45 * * * *
job02739	0 * * * *
job02740	0 * * * *
job02741	*/5 * * * *
job02742	*/15 * * * *
job02743	*/5 * * * *
job02744	0 5 * * *
job02745	0 * * * *
job02746	*/15 * * * *
job02747	*/15 * * * *
job02748	* * * * *
job02749	0 20 19 * *
job02750	0 */24 * * *
job02751	*/15 * * * *
job02752	10,40 * * * *
job02753	0 * * * *
job02754	*/15 * * * *
job02755	5 * * * *
job02756	*/5 * * * *
job02757	0 19 * * *
job02758	*/15 * * * *
job02759	*/10 * * * *
job02760	0 * * * *
job02761	0 * * * *
job02762	*/5 * * * *
job02763	*/5 * * * *
job02764	15 5 * * *
job02765	*/15 * * * *
job02766	*/5 * * * *
job02767	0 * * * *
job02768	*/15 * * * *
job02769	*/15 * * * *
job02770	0 0 * * *
job02771	*/15 * * * *
job02772	20 0 * * 2-6
job02773	*/20 * * * *
job02774	0 * * * *
job02775	10 14 * * 1-5
job02776	30 18 * * *
job02777	* * * * *
job02778	*/15 * * * *
job02779	*/5 * * * *
job02780	*/15 * * * *
job02781	* * * * *
job02782	0 8 * * *
job02783	* * * * *
job02784	*/15 * * * *
job02785	0 * * * *
job02786	0 7 * * 1
job02787	*/15 * * * *
job02788	*/15 * * * *
job02789	*/15 * * * *
job02790	*/30 * * * *
job02791	*/10 * * * *
job02792	0 */3 * * *
job02793	* * * * *
job02794	*/30 * * * *
job02795	0 7 * * *
job02796	*/15 * * * *
job02797	0 * * * *
job02798	0 2 * * 1
job02799	*/15 * * * *
job02800	*/15 * * * *
job02801	0 * * * *
job02802	*/5 * * * *
job02803	*/15 * * * *
job02804	*/5 * * * *
job02805	*/5 * * * *
job02806	0 2 * * *
job02807	2-59/15 * * * *
job02808	*/30 1-21 * * *
job02809	0 * * * *
job02810	*/15 * * * *
job02811	0 15 * * 1-6
job02812	0 0 * * *
job02813	0 * * * *
job02814	15 14 * * *
job02815	*/15 * * * *
job02816	*/15 * * * *
job02817	0-59/15 * * * *
job02818	0 * * * *
job02819	0 0 * * *
job02820	*/15 * * * *
job02821	*/30 * * * *
job02822	0 * * * *
job02823	0 2 * * *
job02824	*/15 * * * *
job02825	*/15 * * * *
job02826	0 * * * *
job02827	*/15 6-10 * * 1-5
job02828	0 22 * * *
job02829	0 0 * * *
job02830	0 13 * * 0
job02831	*/15 * * * *
job02832	*/5 * * * *
job02833	*/15 11-23 * * 1-5
job02834	*/15 * * * *
job02835	*/30 * * * *
job02836	0 6 * * *
job02837	0 9,22 * * *
job02838	0 * * * *
job02839	*/15 * * * 1-5
job02840	* * * * *
job02841	0 8 1 * *
job02842	*/10 * * * *
job02843	0 * * * *
job02844	*/15 * * * *
job02845	0 * * * *
job02846	*/15 * * * *
job02847	*/30 * * * *
job02848	*/10 * * * *
job02849	*/15 * * * *
job02850	*/15 * * * *
job02851	0 6 * * *
job02852	0 3 * * 1
job02853	*/15 * * * *
job02854	0 * * * *
job02855	0 8 * * *
job02856	*/15 * * * *
job02857	0 1 * * *
job02858	*/15 * * * *
job02859	*/5 1-6 * * *
job02860	*/15 * * * *
job02861	*/5 * * * *
job02862	*/15 * * * *
job02863	*/5 * * * *
job02864	*/15 * * * *
job02865	9 20 * * 1-5
job02866	*/10 * * * *
job02867	0 2 * * *
job02868	38 6 * * *
job02869	0 5 * * 1
job02870	0 */2 * * *
job02871	*/15 * * * *
job02872	*/15 * * * *
job02873	*/15 * * * *
job02874	*/15 * * * *
job02875	*/02 * * * *
job02876	*/15 * * * *
job02877	*/15 * * * *
job02878	0 * * * *
job02879	*/5 * * * *
job02880	*/10 * * * *
job02881	*/6 * * * *
job02882	47 2 2 * *
job02883	0 * * * *
job02884	0 */24 * * *
job02885	15 * * * *
job02886	0 6 * * 1
job02887	0 */4 * * *
job02888	*/5 08-20 * * *
job02889	0 13 * * 1
job02890	1 1 * * *
job02891	0 20 * * *
job02892	*/15 * * * *
job02893	*/15 * * * *
job02894	0 * * * *
job02895	0 0 * * 1-5
job02896	*/5 * * * *
job02897	0 0 * * *
job02898	45 * * * *
job02899	*/10 * * * *
job02900	*/10 * * * *
job02901	*/15 * * * *
job02902	0 * * * *
job02903	0 0 * * *
job02904	0,15,30,45 * * * *
job02905	*/15 * * * *
job02906	0 7 * * *
job02907	*/30 21,22,23,0 * * 0,1,2,3,5,6
job02908	*/15 * * * *
job02909	0 * * * *
job02910	21 */4 * * *
job02911	0 * * * *
job02912	*/15 * * * *
job02913	0 10 * * *
job02914	*/10 * * * *
job02915	*/15 * * * *
job02916	0 * * * *
job02917	4 0 * * *
job02918	*/15 * * * *
job02919	0 23 * * *
job02920	33 14 * * *
job02921	0 * * * *
job02922	*/5 * * * *
job02923	0 20 * * 2
job02924	*/15 * * * *
job02925	0 6,18 * * *
job02926	0 * * * *
job02927	0 3 * * *
job02928	*/15 * * * *
job02929	45 15 * * *
job02930	0 2 * * *
job02931	0 12 * * 0
job02932	*/15 * * * *
job02933	*/20 * * * 1-5
job02934	*/15 * * * *
job02935	*/5 * * * *
job02936	*/10 * * * *
job02937	0 9 * * *
job02938	15 * * * *
job02939	0 1 * * *
job02940	*/15 * * * *
job02941	*/30 3-21 * * *
job02942	0 0 1 * *
job02943	*/5 * * * *
job02944	*/15 * * * *
job02945	*/15 * * * *
job02946	*/15 4-23 * * *
job02947	0 6 * * 1
job02948	20 8 * * *
job02949	0 16 * * *
job02950	0 * * * *
job02951	*/15 * * * *
job02952	0 */4 * * *
job02953	30 17 * * *
job02954	0 * * * *
job02955	3-59/10 * * * *
job02956	*/15 * * * *
job02957	0 8 * * *
job02958	0 7 * * *
job02959	2-59/15 * * * *
job02960	0 2 * * *
job02961	*/15 * * * *
job02962	0 */8 * * *
job02963	4-59/10 * * * *
job02964	*/5 * * * *
job02965	0 6 * * 1
job02966	0 8 * * *
job02967	0 10 * * *
job02968	0 8 * * *
job02969	45 * * * *
job02970	0 11 * * *
job02971	13 8 1 * *
job02972	*/10 * * * *
job02973	0 * * * *
job02974	*/15 * * * *
job02975	15 * * * *
job02976	*/15 * * * *
job02977	*/4 * * * *
job02978	*/15 * * * *
job02979	*/15 * * * *
job02980	0 * * * *
job02981	0 */4 * * *
job02982	*/15 * * * *
job02983	*/15 * * * *
job02984	0 * * * *
job02985	*/15 * * * *
job02986	*/15 * * * *
job02987	0 * * * *
job02988	*/15 * * * *
job02989	*/15 * * * *
job02990	30 5 * * 1
job02991	*/15 * * * *
job02992	*/15 14-23 * * *
job02993	*/15 * * * *
job02994	0 * * * *
job02995	*/15 * * * *
job02996	0 */2 * * *
job02997	*/15 * * * *
job02998	*/15 6-22 * * *
job02999	4-59/5 * * * *
job03000	*/30 * * * *
job03001	*/15 * * * *
job03002	0 6 * * *
job03003	*/15 * * * *
job03004	*/15 * * * *
job03005	*/15 * * * *
job03006	0 */4 * * *
job03007	*/15 * * * *
job03008	5 13 * * *
job03009	0 * * * *
job03010	*/15 * * * *
job03011	0 6 * * *
job03012	0 * * * *
job03013	*/15 * * * *
job03014	*/16 * * * *
job03015	* * * * *
job03016	0 4 * * *
job03017	*/15 * * * *
job03018	*/15 * * * *
job03019	*/15 * * * *
job03020	*/15 * * * *
job03021	*/17 * * * *
job03022	0 18 * * *
job03023	3-59 * * * *
job03024	0 9 * * *
job03025	*/15 * * * *
job03026	0 5 * * *
job03027	30 1 * * *
job03028	45 * * * *
job03029	*/15 * * * *
job03030	0 * * * *
job03031	*/15 * * * *
job03032	0 16 * * *
job03033	*/15 * * * *
job03034	*/15 * * * *
job03035	*/30 * * * *
job03036	*/5 * * * *
job03037	*/10 * * * *
job03038	*/5 * * * *
job03039	0 */4 * * *
job03040	0 * * * *
job03041	0 4 * * *
job03042	30 10 3 * *
job03043	*/15 13-15 * * *
job03044	*/5 * * * *
job03045	30 22 * * 1-5
job03046	30 1 2 * *
job03047	0 * * * *
job03048	*/15 * * * *
job03049	*/15 * * * *
job03050	*/5 * * * *
job03051	*/16 * * * *
job03052	*/10 * * * *
job03053	*/10 * * * *
job03054	0 6 * * 5
job03055	*/10 * * * *
job03056	0 9 * * *
job03057	45 * * * *
job03058	0 */4 * * *
job03059	*/15 * * * *
job03060	*/15 * * * *
job03061	30 * * * *
job03062	0 7 * * *
job03063	*/15 * * * *
job03064	0 * * * *
job03065	0 6 * * 1
job03066	* * * * *
job03067	3 6 * * *
job03068	*/15 06-21 * * *
job03069	*/5 * * * *
job03070	*/15 * * * *
job03071	*/15 * * * *
job03072	48 6 * * *
job03073	*/15 * * * *
job03074	*/15 * * * *
job03075	*/15 * * * *
job03076	*/15 * * * *
job03077	*/15 * * * *
job03078	0 0 * * *
job03079	0 * * * *
job03080	0 * * * *
job03081	*/15 * * * *
job03082	15 * * * *
job03083	*/15 * * * *
job03084	*/5 * * * *
job03085	8 8 * * *
job03086	*/15 * * * *
job03087	5 * * * *
job03088	*/15 * * * *
job03089	*/15 * * * *
job03090	0 * * * *
job03091	* * * * *
job03092	15 * * * *
job03093	*/5 * * * *
job03094	59 * * * 1-5
job03095	*/15 * * * *
job03096	*/10 * * * *
job03097	*/15 * * * *
job03098	15 * * * *
job03099	*/15 * * * *
job03100	*/15 * * * *
job03101	*/15 * * * 1-6
job03102	0 6 * * *
job03103	*/5 * * * *
job03104	*/5 * * * *
job03105	0 18 * * *
job03106	0 * * * *
job03107	*/15 * * * *
job03108	*/15 * * * *
job03109	0 0 * * *
job03110	*/15 * * * *
job03111	*/15 * * * *
job03112	*/15 * * * *
job03113	*/15 7-21 * * 1-6
job03114	*/10 * * * *
job03115	*/15 * * * *
job03116	*/15 * * * *
job03117	*/5 * * * *
job03118	*/15 * * * *
job03119	* * * * *
job03120	0 * * * *
job03121	*/15 * * * *
job03122	0 */24 * * *
job03123	*/15 * * * *
job03124	*/15 * * * *
job03125	*/15 * * * *
job03126	0 * * * *
job03127	*/15 * * * *
job03128	30 23,5,11,17 * * *
job03129	*/10 * * * *
job03130	* * * * *
job03131	*/15 * * * *
job03132	0 2 * * *
job03133	0 * * * *
job03134	*/15 * * * *
job03135	*/15 * * * *
job03136	4 5 * * *
job03137	0 * * * *
job03138	*/30 * * * *
job03139	* * * * *
job03140	*/15 * * * *
job03141	*/15 * * * *
job03142	*/15 * * * *
job03143	*/15 * * * *
job03144	*/5 * * * *
job03145	*/30 0-14 * * *
job03146	*/15 * * * *
job03147	*/15 * * * *
job03148	0 4 * * *
job03149	0 8 * * *
job03150	0 * * * *
job03151	*/5 * * * *
job03152	0 14 * * *
job03153	45 * * * *
job03154	*/15 * * * *
job03155	*/10 0-20 * * 6
job03156	0 * * * *
job03157	15 * * * *
job03158	*/15 * * * *
job03159	45 8 * * 3
job03160	0 * * * *
job03161	0 4 * * *
job03162	0 * * * *
job03163	*/5 * * * *
job03164	0 1 * * *
job03165	*/15 * * * *
job03166	0 21 * * *
job03167	*/30 * * * *
job03168	*/15 * * * *
job03169	*/15 * * * *
job03170	0 16 * * *
job03171	*/15 * * * *
job03172	*/15 * * * *
job03173	*/15 * * * *
job03174	*/15 * * * *
job03175	*/5 0-20 * * 6
job03176	*/05 * * * *
job03177	*/15 * * * *
job03178	*/15 * * * *
job03179	0 1 * * *
job03180	30 * * * *
job03181	*/15 * * * *
job03182	0 * * * *
job03183	*/5 18-20 * * 0,1,2,3,4,5
job03184	44 7 2 * *
job03185	0 0 * * *
job03186	0 * * * *
job03187	*/15 * * * *
job03188	00 5,17 * * *
job03189	0 * * * *
job03190	*/5 * * * *
job03191	1-59/15 * * * *
job03192	0 9 * * *
job03193	0 * * * *
job03194	*/15 * * * 1-5
job03195	*/15 * * * *
job03196	*/15 * * * *
job03197	*/15 * * * *
job03198	0 * * * *
job03199	*/5 * * * *
job03200	0 3 * * *
job03201	*/10 * * * *
job03202	*/30 * * * *
job03203	*/15 * * * *
job03204	0 3 * * *
job03205	*/15 * * * *
job03206	0 6 * * 1
job03207	*/15 * * * *
job03208	0 21 * * 1
job03209	0 * * * *
job03210	*/5 * * * *
job03211	*/15 * * * *
job03212	15 * * * *
job03213	0 6 * * *
job03214	*/5 * * * *
job03215	*/15 * * * *
job03216	0 23 * * *
job03217	0 9 * * 4
job03218	15 19 * * 1-5
job03219	59 6 * * 1-5
job03220	0 * * * *
job03221	0 * * * *
job03222	0 10 * * *
job03223	*/15 * * * *
job03224	*/15 9-21 * * 0,6
job03225	0 * * * *
job03226	*/5 * * * *
job03227	0 0 * * *
job03228	*/15 * * * *
job03229	30 6 * * *
job03230	*/15 * * * *
job03231	*/15 * * * *
job03232	*/20 * * * *
job03233	0 20 * * *
job03234	0 6 * * 1
job03235	*/15 * * * *
job03236	0 6 * * 1
job03237	30 23 * * 1-5
job03238	0 13 * * *
job03239	*/15 * * * *
job03240	*/10 * * * *
job03241	*/15 * * * *
job03242	*/15 * * * *
job03243	*/6 * * * *
job03244	*/5 * * * *
job03245	*/5 * * * *
job03246	1-59/15 * * * *
job03247	0 */6 * * *
job03248	0 */4 * * *
job03249	*/15 * * * *
job03250	*/15 * * * *
job03251	*/15 * * * *
job03252	*/30 * * * *
job03253	*/15 * * * *
job03254	*/5 * * * *
job03255	*/30 * * * *
job03256	30 * * * *
job03257	0 3 * * 0
job03258	*/15 * * * *
job03259	0 * * * *
job03260	0 0 * * *
job03261	*/15 * * * *
job03262	0 14 * * 1
job03263	*/15 * * * *
job03264	*/15 * * * *
job03265	0 4 * * *
job03266	0 4 27 * *
job03267	*/5 * * * *
job03268	0 */4 * * *
job03269	0 9 * * 1
job03270	0 3 * * *
job03271	4,34 * * * *
job03272	0 */4 * * *
job03273	*/30 * * * *
job03274	*/15 * * * *
job03275	2-59/10 * * * *
job03276	30 5 * * 1
job03277	0 6 * * 1
job03278	*/15 * * * *
job03279	3-59/15 * * * 1-5
job03280	*/15 * * * *
job03281	*/15 * * * *
job03282	*/5 * * * *
job03283	4 6 * * *
job03284	15 * * * *
job03285	*/10 * * * *
job03286	*/15 * * * *
job03287	0 * * * *
job03288	45 22 * * 1-5
job03289	*/7 * * * *
job03290	*/5 * * * *
job03291	48 5,11 * * 6
job03292	37 5 * * 1
job03293	15 */4 * * *
job03294	*/15 * * * *
job03295	*/15 * * * *
job03296	25 14 * * 2
job03297	*/15 * * * *
job03298	*/15 * * * *
job03299	17 * * * *
job03300	*/15 * * * *
job03301	*/13 * * * *
job03302	*/15 * * * *
job03303	0 4 * * *
job03304	1 0 * * 1
job03305	0 4 * * *
job03306	*/20 * * * *
job03307	*/15 8 * * 0-6
job03308	*/15 * * * *
job03309	0 3 * * *
job03310	0 6 * * *
job03311	0 6 * * 1
job03312	*/15 * * * *
job03313	*/5 * * * *
job03314	*/15 * * * *
job03315	0 1 * * *
job03316	*/15 * * * *
job03317	0 12 * * 1
job03318	*/15 * * * *
job03319	0 6 * * *
job03320	*/15 * * * *
job03321	3,18,33,48 * * * *
job03322	*/15 * * * *
job03323	*/15 * * * *
job03324	3-59/10 * * * *
job03325	*/5 * * * *
job03326	*/10 * * * *
job03327	*/15 * * * *
job03328	0 * * * *
job03329	*/30 7-22 * * *
job03330	15 * * * *
job03331	0 1 * * *
job03332	*/15 * * * *
job03333	*/15 * * * *
job03334	*/15 * * * *
job03335	40 */3 * * *
job03336	*/15 * * * *
job03337	45 15 * * *
job03338	40 */3 * * *
job03339	*/20 * * * *
job03340	0 3 * * 1
job03341	*/5 * * * *
job03342	0 * * * *
job03343	*/15 * * * *
job03344	*/15 * * * *
job03345	1-59/15 * * * *
job03346	0 16 * * *
job03347	*/15 * * * *
job03348	*/15 * * * *
job03349	30 * * * *
job03350	0 0 * * *
job03351	*/30 * * * *
job03352	44 7 * * *
job03353	0 * * * *
job03354	0 * * * *
job03355	0 14 * * 1
job03356	0 * * * *
job03357	0 7 * * *
job03358	0 6 * * *
job03359	* * * * *
job03360	0 */4 * * *
job03361	*/15 * * * *
job03362	*/15 * * * *
job03363	3 3 * * *
job03364	*/5 * * * *
job03365	*/10 * * * *
job03366	5 8 * * *
job03367	*/15 * * * *
job03368	0 0 * * *
job03369	*/15 * * * *
job03370	0 * * * *
job03371	0 3 * * *
job03372	*/15 * * * *
job03373	0 6 * * *
job03374	0 * * * *
job03375	0 0 * * *
job03376	* * * * *
job03377	0 6 * * *
job03378	0 20 * * *
job03379	*/5 8,9,10 * * *
job03380	*/15 * * * *
job03381	*/5 * * * *
job03382	*/15 * * * *
job03383	*/15 * * * *
job03384	*/5 * * * *
job03385	0 7 * * *
job03386	*/30 * * * *
job03387	*/15 * * * *
job03388	0 7 * * *
job03389	15 * * * *
job03390	48 5,11 * * 6
job03391	*/30 * * * *
job03392	*/15 * * * *
job03393	0 * * * *
job03394	*/15 * * * *
job03395	*/5 * * * *
job03396	0 18 * * *
job03397	*/15 * * * *
job03398	*/15 * * * *
job03399	*/15 * * * *
job03400	*/15 * * * *
job03401	*/15 * * * *
job03402	*/15 * * * *
job03403	0 5 1-7 * *
job03404	*/15 * * * *
job03405	0 * * * *
job03406	*/15 * * * *
job03407	0 6 * * *
job03408	0 6 * * *
job03409	*/15 * * * *
job03410	30 * * * *
job03411	*/10 * * * *
job03412	0 0 * * *
job03413	0 12 16 * *
job03414	*/10 * * * *
job03415	0 * * * *
job03416	6 6 * * *
job03417	*/15 * * * *
job03418	0 13 * * 0
job03419	0 01-15 * * *
job03420	15 * * * *
job03421	*/16 * * * *
job03422	*/15 * * * *
job03423	*/30 * * * *
job03424	0 * * * *
job03425	*/15 * * * *
job03426	2-58 * * * *
job03427	*/10 0-20 * * 6
job03428	0 10 * * 4
job03429	0 * * * *
job03430	0 4 * * 1
job03431	0 10 1 * *
job03432	0 6 * * 1
job03433	*/15 * * * *
job03434	*/15 * * * *
job03435	0 8 * * *
job03436	0 1 * * *
job03437	*/15 * * * *
job03438	*/15 * * * *
job03439	*/15 * * * *
job03440	13 */4 * * *
job03441	0 6 * * 1
job03442	*/5 * * * *
job03443	*/15 * * * *
job03444	*/15 * * * *
job03445	*/15 * * * *
job03446	*/30 * * * *
job03447	15 * * * *
job03448	*/15 * * * *
job03449	*/15 * * * *
job03450	*/15 * * * *
job03451	*/15 * * * *
job03452	0 * * * 3
job03453	0 * * * *
job03454	*/15 * * * *
job03455	0 6 * * 1
job03456	*/15 * * * *
job03457	*/15 * * * *
job03458	0 21 * * *
job03459	*/15 * * * *
job03460	*/15 * * * *
job03461	*/15 * * * *
job03462	20 22 * * 1-5
job03463	0 * * * *
job03464	15 7 * * *
job03465	0 * * * *
job03466	0 8 * * *
job03467	*/15 * * * *
job03468	0 * * * *
job03469	30 5 * * *
job03470	*/15 * * * *
job03471	0 0 * * *
job03472	3 */3 * * *
job03473	*/35 * * * *
job03474	0 * * * *
job03475	0 * * * *
job03476	*/15 * * * *
job03477	0 19 * * *
job03478	15 * * * *
job03479	0 5 * * *
job03480	0 * * * *
job03481	*/30 * * * *
job03482	*/15 * * * *
job03483	0 * * * *
job03484	*/5 * * * *
job03485	0 * * * *
job03486	*/15 * * * *
job03487	*/15 * * * *
job03488	*/15 * * * *
job03489	0 * * * *
job03490	*/10 * * * *
job03491	0 * * * *
job03492	44 7 1 * *
job03493	*/5 * * * *
job03494	0 */6 * * *
job03495	*/5 * * * *
job03496	8 5 * * *
job03497	0 * * * *
job03498	*/30 * * * *
job03499	*/15 * * * *
job03500	0 6 * * 1
job03501	0 4,5,6,7 * * *
job03502	0 12 * * *
job03503	*/15 * * * *
job03504	*/5 * * * *
job03505	0 6 1 * *
job03506	0 6 * * 1
job03507	*/15 * * * *
job03508	*/15 * * * *
job03509	0 * * * *
job03510	*/15 * * * *
job03511	*/15 * * * *
job03512	*/5 * * * *
job03513	0 * * * *
job03514	0 19 * * 1-6
job03515	*/15 * * * *
job03516	*/30 * * * *
job03517	*/5 * * * *
job03518	0 0 * * *
job03519	*/15 * * * *
job03520	1-59/15 * * * *
job03521	*/5 * * * *
job03522	*/5 * * * *
job03523	*/15 * * * *
job03524	*/5 * * * *
job03525	2-59/15 * * * *
job03526	*/5 * * * *
job03527	0 1 * * *
job03528	00 7 * * 1-7
job03529	0 22 * * 1
job03530	0 8 * * *
job03531	6 4 * * *
job03532	*/15 1 * * *
job03533	*/15 * * * *
job03534	*/15 * * * *
job03535	0 */6 * * *
job03536	*/15 * * * *
job03537	*/15 * * * *
job03538	*/15 * * * *
job03539	0 14 * * *
job03540	*/33 * * * *
job03541	0 * * * *
job03542	* * * * *
job03543	*/15 * * * *
job03544	*/15 * * * *
job03545	*/10 * * * *
job03546	*/15 * * * *
job03547	*/15 * * * *
job03548	0 * * * *
job03549	*/15 * * * *
job03550	0 * * * *
job03551	*/5 * * * *
job03552	15 2 * * *
job03553	0 * * * *
job03554	15 * * * *
job03555	0 14,15 * * *
job03556	1-59/15 * * * *
job03557	*/30 * * * *
job03558	*/15 * * * *
job03559	*/15 * * * *
job03560	0 * * * *
job03561	*/10 * * * *
job03562	* * * * *
job03563	*/15 * * * *
job03564	*/15 * * * *
job03565	0 * * * *
job03566	10 * * * *
job03567	2-59/5 * * * *
job03568	*/20 * * * *
job03569	*/15 * * * *
job03570	*/15 * * * *
job03571	0 * * * *
job03572	*/10 * * * *
job03573	*/30 * * * *
job03574	*/15 * * * *
job03575	0 * * * *
job03576	0-10 0-5 * * *
job03577	*/15 * * * *
job03578	0 10 * * *
job03579	0 1 * * *
job03580	5 * * * *
job03581	45 * * * *
job03582	*/15 * * * *
job03583	11 * * * *
job03584	30 03 * * *
job03585	*/15 * * * *
job03586	3 3 * * 1
job03587	0 6 * * 1
job03588	*/10 5-23 * * 0
job03589	0 0 * * *
job03590	*/15 * * * *
job03591	12-59/15 * * * *
job03592	*/15 * * * *
job03593	*/15 * * * *
job03594	0 15 * * *
job03595	*/15 * * * *
job03596	*/30 * * * *
job03597	0 6 * * *
job03598	10 * * * *
job03599	0 1,7,13,19 * * *
job03600	*/15 * * * *
job03601	0 * * * *
job03602	0 6 * * 1
job03603	17 19 * * *
job03604	0 * * * *
job03605	*/5 * * * *
job03606	*/15 * * * *
job03607	0 6 * * 1
job03608	0 8 * * *
job03609	*/15 * * * *
job03610	*/15 * * * *
job03611	0 * * * *
job03612	10 * * * *
job03613	0 6 * * *
job03614	40 12 9 3 *
job03615	0 2 * * 1
job03616	0 6 * * *
job03617	*/15 * * * *
job03618	0 1 30 12 *
job03619	0 * * * *
job03620	*/15 * * * *
job03621	35 8 * * 1
job03622	0 * * * *
job03623	0 22 * * *
job03624	4-59/10 * * * *
job03625	0 5 1 * *
job03626	0 0 * * *
job03627	*/15 * * * *
job03628	*/15 * * * *
job03629	0 * * * *
job03630	0 2 * * *
job03631	0 9 * * *
job03632	*/15 * * * *
job03633	30 5 * * 1
job03634	*/15 * * * *
job03635	*/15 * * * *
job03636	*/10 * * * *
job03637	*/15 * * * *
job03638	6 6 * * *
job03639	*/15 * * * *
job03640	*/15 * * * *
job03641	*/30 * * * *
job03642	*/5 6-23 * * 1-5
job03643	*/15 * * * *
job03644	*/15 * * * *
job03645	*/15 * * * *
job03646	0 5 * * *
job03647	*/15 * * * *
job03648	*/30 * * * *
job03649	*/5 * * * *
job03650	*/15 * * * *
job03651	0 5 2 * *
job03652	*/30 * * * *
job03653	0 7 * * *
job03654	*/15 * * * *
job03655	*/15 01-17 * * 1-5
job03656	*/5 * * * *
job03657	1 * * * *
job03658	*/30 * * * *
job03659	*/5 * * * *
job03660	0 0 31 2 *
job03661	*/10 0-20 * * 6
job03662	*/5 * * * *
job03663	*/15 * * * *
job03664	0 * * * *
job03665	*/10 * * * *
job03666	0 10 * * *
job03667	9 */4 * * *
job03668	12 15 * * *
job03669	0 6 * * *
job03670	*/15 * * * *
job03671	0 6 * * 1
job03672	0 17 * * *
job03673	0 * * * *
job03674	*/15 * * * *
job03675	0 7 * * *
job03676	*/15 * * * *
job03677	0 6 * * *
job03678	0 6 * * 1
job03679	*/5 * * * *
job03680	*/5 * * * *
job03681	*/15 * * * *
job03682	3-59/5 * * * *
job03683	0 1 * * *
job03684	*/5 * * * *
job03685	0 * * * *
job03686	0 7 * * *
job03687	0 3 * * *
job03688	*/15 * * * *
job03689	40 2 * * 2-6
job03690	*/30 * * * *
job03691	0 * * * *
job03692	*/15 * * * *
job03693	30 5 * * 1
job03694	1 6,18 * * *
job03695	0 * * * *
job03696	*/15 * * * *
job03697	0 */2 * * *
job03698	*/15 * * * *
job03699	0 * * * *
job03700	0 9 * * *
job03701	0 1 * * *
job03702	0 0,9,12,15,18,21 * * *
job03703	4-59/10 * * * *
job03704	0 2 * * *
job03705	*/5 * * * *
job03706	0 * * * *
job03707	0 2,4 * * 2-6
job03708	*/15 * * * *
job03709	1 5 * * *
job03710	0 14 * * *
job03711	*/15 * * * *
job03712	0 0 * * *
job03713	*/10 * * * *
job03714	4-59/5 * * * *
job03715	*/15 * * * *
job03716	* * * * *
job03717	*/5 * * * *
job03718	23 * * * *
job03719	12 4 * * *
job03720	*/10 * * * *
job03721	0 * * * *
job03722	*/15 * * * *
job03723	45 9 * * *
job03724	0 */4 * * *
job03725	0 0 * * 6
job03726	*/15 * * * *
job03727	*/10 * * * *
job03728	*/15 * * * *
job03729	*/15 * * * *
job03730	0 * * * *
job03731	0 10 * * 1
job03732	0 18 * * *
job03733	0 0 * * *
job03734	15 1 * * *
job03735	*/10 * * * *
job03736	5 8 * * *
job03737	*/15 * * * *
job03738	15 * * * *
job03739	*/20 * * * *
job03740	*/15 * * * *
job03741	*/15 22-23,0-8 * * 1-6
job03742	*/15 * * * *
job03743	0 6 * * 1
job03744	0 6 * * *
job03745	*/20 * * * *
job03746	0 10 1 * *
job03747	*/30 * * * *
job03748	0 1 * * 1
job03749	7 * * * *
job03750	45 4 * * *
job03751	15 * * * *
job03752	5,35 * * * *
job03753	* * * * *
job03754	0 */24 * * *
job03755	0 0 * * *
job03756	15 * * * *
job03757	*/20 * * * *
job03758	0 14 * * *
job03759	0 * * * *
job03760	*/10 * * * *
job03761	*/15 * * * *
job03762	0 8 * * 5
job03763	*/15 * * * *
job03764	0 23 * * *
job03765	15 * * * *
job03766	45 23 * * 1-5
job03767	*/5 * * * *
job03768	*/9 * * * *
job03769	*/30 * * * *
job03770	* * * * *
job03771	0 6 * * 1
job03772	*/16 * * * *
job03773	15 * * * *
job03774	*/5 * * * *
job03775	*/10 * * * 1-5
job03776	*/15 * * * *
job03777	*/15 * * * *
job03778	*/10 * * * *
job03779	*/30 * * * *
job03780	*/20 * * * *
job03781	*/5 * * * *
job03782	0 6 * * *
job03783	0 * * * *
job03784	0 0 * * *
job03785	*/15 * * * 1-5
job03786	0 15 * * *
job03787	0 8 * * *
job03788	0 7 * * 2
job03789	0 9 * * *
job03790	*/15 * * * *
job03791	*/6 * * * *
job03792	0 * * * *
job03793	48 5,11 * * 6
job03794	0 * * * *
job03795	*/10 * * * 1-5
job03796	*/15 * * * *
job03797	2-59 * * * *
job03798	*/15 * * * *
job03799	*/15 * * * *
job03800	*/15 * * * *
job03801	*/15 * * * *
job03802	0 * * * *
job03803	7 * * * *
job03804	0 8 * * *
job03805	*/30 * * * *
job03806	*/30 21,22,23,0 * * 0,1,2,3,5,6
job03807	*/15 * * * *
job03808	*/15 * * * *
job03809	0 1 * * *
job03810	*/15 5-17 * * 0
job03811	0 * * * *
job03812	31 3 2 * *
job03813	0 * * * *
job03814	*/30 * * * *
job03815	0 * * * *
job03816	*/15 * * * *
job03817	0 7 * * 1
job03818	0 8 * * *
job03819	0 14 * * *
job03820	*/2 6-20 * * 1-6
job03821	*/15 * * * *
job03822	*/5 * * * *
job03823	*/15 * * * *
job03824	*/30 * * * *
job03825	* */5 * * *
job03826	* * * * *
job03827	*/5 * * * *
job03828	*/22 * * * *
job03829	*/5 * * * *
job03830	*/15 * * * *
job03831	0 1 * * *
job03832	30 15 * * 1-5
job03833	0 17 * * *
job03834	*/20 * * * *
job03835	*/5 * * * *
job03836	0 6 * * 1
job03837	0 8 * * *
job03838	0 6 * * 1,3,5
job03839	*/5 * * * *
job03840	*/5 * * * *
job03841	0 2 2 * *
job03842	*/15 * * * *
job03843	0 3 * * *
job03844	30 9 12-15 * *
job03845	7 * * * *
job03846	0 0 * * *
job03847	* * * * *
job03848	45 2 * * *
job03849	*/15 * * * *
job03850	0 9 * * *
job03851	0 0 2 * *
job03852	0 */3 * * *
job03853	0 * * * *
job03854	0 * * * *
job03855	*/15 * * * *
job03856	*/15 * * * *
job03857	0 0 * * *
job03858	*/5 * * * *
job03859	0 6 * * *
job03860	*/5 * * * *
job03861	*/15 * * * *
job03862	*/15 * * * *
job03863	2 9 * * *
job03864	*/15 * * * *
job03865	0 0 16 * *
job03866	15 * * * *
job03867	*/5 * * * *
job03868	*/15 * * * *
job03869	0 8 * * *
job03870	*/15 * * * *
job03871	0 6 * * *
job03872	0 8 * * *
job03873	*/15 * * * *
job03874	*/10 * * * *
job03875	*/15 * * * *
job03876	* * * * *
job03877	0 */24 * * *
job03878	*/15 * * * *
job03879	15 */8 * * *
job03880	*/15 * * * *
job03881	4-59/5 * * * *
job03882	*/15 * * * *
job03883	*/2 * * * *
job03884	*/15 * * * *
job03885	*/15 * * * *
job03886	*/16 * * * 1-5
job03887	0 6 * * 1
job03888	*/15 * * * *
job03889	*/15 * * * *
job03890	0 3 1 * *
job03891	*/15 * * * *
job03892	*/5 6-20 * * *
job03893	*/10 * * * *
job03894	*/15 * * * *
job03895	*/5 * * * *
job03896	*/15 * * * *
job03897	*/15 * * * *
job03898	0 * * * *
job03899	0 * * * *
job03900	0 * * * *
job03901	*/30 * * * *
job03902	*/15 * * * *
job03903	50 5 10 3 *
job03904	0 8 * * *
job03905	*/15 * * * *
job03906	*/30 * * * *
job03907	*/15 * * * *
job03908	0 18 * * *
job03909	1-59/15 * * * *
job03910	*/15 * * * *
job03911	*/15 * * * *
job03912	*/15 * * * *
job03913	59 * * * *
job03914	*/5 * * * *
job03915	*/15 * * * *
job03916	*/15 * * * *
job03917	12 3 * * *
job03918	16 * * * *
job03919	*/15 * * * *
job03920	0 * * * *
job03921	10 12 * * *
job03922	*/15 * * * *
job03923	*/5 08-20 * * *
job03924	0 */8 * * *
job03925	0 * * * *
job03926	0 7 * * 1
job03927	5 6 * * 1-5
job03928	0 * * * *
job03929	*/15 * * * *
job03930	0 * * * *
job03931	0 0 * * *
job03932	*/15 * * * *
job03933	0 * * * *
job03934	0 8 * * 1
job03935	*/15 * * * *
job03936	*/15 * * * *
job03937	*/5 * * * *
job03938	*/15 * * * *
job03939	0 10 * * *
job03940	*/10 * * * *
job03941	0 * * * 1
job03942	*/15 * * * *
job03943	0 * * * *
job03944	0 10 * * *
job03945	*/15 * * * *
job03946	15 * * * *
job03947	0 * * * *
job03948	0 6 * * *
job03949	0 * * * *
job03950	*/15 * * * *
job03951	0 14 * * *
job03952	*/10 * * * *
job03953	0 22 * * *
job03954	0 8 * * *
job03955	*/30 * * * *
job03956	0 * * * *
job03957	4-59/10 * * * *
job03958	0 5 * * *
job03959	* * * * *
job03960	0 * * * *
job03961	0 5 14-21 * *
job03962	*/30 21,22,23,0 * * 0,1,2,3,5,6
job03963	*/30 * * * *
job03964	*/15 * * * *
job03965	0 * * * *
job03966	*/30 * * * *
job03967	0 */4 * * *
job03968	*/10 * * * *
job03969	0 6 * * 1
job03970	*/15 * * * *
job03971	*/15 * * * *
job03972	*/15 * * * *
job03973	*/15 * * * *
job03974	*/10 * * * *
job03975	*/15 * * * *
job03976	5 8 * * *
job03977	0 2 * * *
job03978	*/15 * * * *
job03979	*/15 * * * *
job03980	*/15 * * * *
job03981	*/60 * * * *
job03982	0 7 * * *
job03983	15 * * * *
job03984	*/15 * * * *
job03985	*/30 * * * *
job03986	0 */6 * * *
job03987	0 9-19 * * 1-6
job03988	0 * * * *
job03989	0 6 * * *
job03990	*/15 * * * *
job03991	*/15 * * * *
job03992	*/15 * * * 1-6
job03993	*/6 * * * *
job03994	*/15 * * * *
job03995	0 22 * * *
job03996	*/5 * * * *
job03997	*/15 * * * 1-6
job03998	*/15 * * * *
job03999	*/15 * * * *
job04000	0 * * * *
